Gender,Name,Time,Distance,average_speed,K/H
M,l103,2166.0,10000.0,4.616805170821792,16.62049861495845
M,l104,2174.0,10000.0,4.599816007359705,16.55933762649494
M,l105,2177.0,10000.0,4.593477262287552,16.536518144235185
M,l106,2241.0,10000.0,4.462293618920125,16.06425702811245
M,l107,2272.0,10000.0,4.401408450704225,15.845070422535212
M,l108,2297.0,10000.0,4.3535045711798,15.672616456247278
M,l109,2298.0,10000.0,4.351610095735422,15.66579634464752
M,l1010,2308.0,10000.0,4.332755632582322,15.59792027729636
M,l1011,2318.0,10000.0,4.3140638481449525,15.530629853321829
M,l1012,2334.0,10000.0,4.284490145672665,15.424164524421592
M,l1013,2342.0,10000.0,4.269854824935952,15.371477369769428
M,l1014,2346.0,10000.0,4.262574595055414,15.34526854219949
M,l1015,2350.0,10000.0,4.25531914893617,15.319148936170214
M,l1016,2356.0,10000.0,4.244482173174872,15.28013582342954
M,l1017,2360.0,10000.0,4.237288135593221,15.254237288135595
M,l1018,2364.0,10000.0,4.230118443316413,15.228426395939088
M,l1019,2369.0,10000.0,4.221190375685944,15.196285352469395
M,l1020,2399.0,10000.0,4.168403501458942,15.00625260525219
M,l1021,2401.0,10000.0,4.164931278633903,14.99375260308205
M,l1022,2428.0,10000.0,4.118616144975288,14.827018121911037
M,l1023,2430.0,10000.0,4.11522633744856,14.814814814814811
M,l1024,2434.0,10000.0,4.108463434675431,14.790468364831552
M,l1025,2438.0,10000.0,4.101722723543888,14.766201804758
M,l1026,2460.0,10000.0,4.065040650406504,14.634146341463415
M,l1027,2463.0,10000.0,4.060089321965084,14.6163215590743
M,l1028,2493.0,10000.0,4.011231448054553,14.44043321299639
M,l1029,2503.0,10000.0,3.995205753096284,14.382740711146624
M,l1030,2503.0,10000.0,3.995205753096284,14.382740711146624
M,l1031,2524.0,10000.0,3.961965134706815,14.263074484944532
M,l1032,2530.0,10000.0,3.952569169960474,14.229249011857704
M,l1033,2547.0,10000.0,3.926187671770711,14.13427561837456
M,l1034,2548.0,10000.0,3.924646781789639,14.1287284144427
M,l1035,2557.0,10000.0,3.910833007430583,14.078998826750098
M,l1036,2557.0,10000.0,3.910833007430583,14.078998826750098
M,l1037,2560.0,10000.0,3.90625,14.0625
M,l1038,2561.0,10000.0,3.904724716907458,14.057008980866849
M,l1039,2566.0,10000.0,3.897116134060795,14.02961808261886
M,l1040,2569.0,10000.0,3.892565200467108,14.013234721681586
M,l1041,2574.0,10000.0,3.885003885003885,13.986013986013988
M,l1042,2581.0,10000.0,3.874467260751647,13.948082138705928
M,l1043,2584.0,10000.0,3.869969040247678,13.93188854489164
M,l1044,2584.0,10000.0,3.869969040247678,13.93188854489164
M,l1045,2585.0,10000.0,3.8684719535783367,13.926499032882012
M,l1046,2603.0,10000.0,3.84172109104879,13.830195927775645
M,l1047,2603.0,10000.0,3.84172109104879,13.830195927775645
M,l1048,2627.0,10000.0,3.806623524933384,13.703844689760183
M,l1049,2631.0,10000.0,3.800836183960471,13.683010262257696
M,l1050,2632.0,10000.0,3.7993920972644375,13.677811550151976
M,l1051,2635.0,10000.0,3.795066413662239,13.66223908918406
M,l1052,2645.0,10000.0,3.780718336483932,13.610586011342155
M,l1053,2647.0,10000.0,3.777861730260673,13.60030222893842
M,l1054,2648.0,10000.0,3.776435045317221,13.595166163141991
M,l1055,2653.0,10000.0,3.769317753486619,13.569543912551827
M,l1056,2653.0,10000.0,3.769317753486619,13.569543912551827
M,l1058,2657.0,10000.0,3.763643206624012,13.549115543846444
M,l1059,2680.0,10000.0,3.7313432835820897,13.432835820895525
M,l1061,2682.0,10000.0,3.728560775540642,13.422818791946307
M,l1062,2682.0,10000.0,3.728560775540642,13.422818791946307
M,l1063,2683.0,10000.0,3.727171077152441,13.417815877748788
M,l1064,2686.0,10000.0,3.7230081906180192,13.402829486224867
M,l1066,2701.0,10000.0,3.702332469455757,13.328396890040723
M,l1069,2717.0,10000.0,3.68052999631947,13.249907986750092
M,l1070,2727.0,10000.0,3.6670333700036672,13.201320132013205
M,l1071,2733.0,10000.0,3.658982802780827,13.172338090010976
M,l1072,2740.0,10000.0,3.6496350364963503,13.13868613138686
M,l1074,2745.0,10000.0,3.6429872495446265,13.114754098360656
M,l1075,2746.0,10000.0,3.641660597232338,13.109978150036415
M,l1076,2746.0,10000.0,3.641660597232338,13.109978150036415
M,l1077,2747.0,10000.0,3.6403349108117946,13.10520567892246
M,l1078,2766.0,10000.0,3.615328994938539,13.015184381778742
M,l1079,2771.0,10000.0,3.608805485384338,12.991699747383617
M,l1080,2775.0,10000.0,3.603603603603604,12.972972972972974
M,l1081,2785.0,10000.0,3.5906642728904847,12.926391382405743
M,l1082,2795.0,10000.0,3.577817531305904,12.880143112701251
M,l1083,2798.0,10000.0,3.5739814152966405,12.866333095067906
M,l1084,2798.0,10000.0,3.5739814152966405,12.866333095067906
M,l1085,2810.0,10000.0,3.5587188612099645,12.811387900355871
M,l1086,2811.0,10000.0,3.5574528637495555,12.8068303094984
M,l1087,2815.0,10000.0,3.552397868561279,12.788632326820604
M,l1088,2826.0,10000.0,3.538570417551309,12.738853503184712
M,l1089,2826.0,10000.0,3.538570417551309,12.738853503184712
M,l1090,2830.0,10000.0,3.53356890459364,12.7208480565371
M,l1091,2843.0,10000.0,3.5174111853675694,12.66268026732325
M,l1092,2851.0,10000.0,3.50754121360926,12.627148368993335
M,l1093,2859.0,10000.0,3.497726477789437,12.591815320041972
M,l1094,2868.0,10000.0,3.486750348675035,12.552301255230129
M,l1095,2874.0,10000.0,3.4794711203897006,12.526096033402922
M,l1096,2881.0,10000.0,3.471017007983339,12.49566122874002
M,l1097,2895.0,10000.0,3.454231433506045,12.43523316062176
M,l1098,2901.0,10000.0,3.447087211306446,12.409513960703205
M,l1099,2905.0,10000.0,3.442340791738382,12.392426850258175
M,l10101,2908.0,10000.0,3.43878954607978,12.379642365887207
M,l10103,2909.0,10000.0,3.4376074252320383,12.375386730835338
M,l10104,2911.0,10000.0,3.4352456200618344,12.366884232222604
M,l10105,2912.0,10000.0,3.434065934065934,12.362637362637363
M,l10106,2912.0,10000.0,3.434065934065934,12.362637362637363
M,l10108,2920.0,10000.0,3.424657534246576,12.32876712328767
M,l10109,2925.0,10000.0,3.418803418803418,12.307692307692308
M,l10111,2931.0,10000.0,3.41180484476288,12.282497441146369
M,l10112,2935.0,10000.0,3.4071550255536627,12.265758091993186
M,l10113,2939.0,10000.0,3.402517863218782,12.249064307587616
M,l10114,2945.0,10000.0,3.395585738539898,12.224108658743631
M,l10115,2945.0,10000.0,3.395585738539898,12.224108658743631
M,l10116,2947.0,10000.0,3.39328130302002,12.215812690872074
M,l10117,2947.0,10000.0,3.39328130302002,12.215812690872074
M,l10118,2952.0,10000.0,3.3875338753387534,12.195121951219512
M,l10119,2959.0,10000.0,3.379520108144644,12.166272389320715
M,l10120,2962.0,10000.0,3.37609723160027,12.153950033760973
M,l10121,2966.0,10000.0,3.37154416722859,12.137559002022927
M,l10122,2975.0,10000.0,3.361344537815126,12.100840336134452
M,l10123,2977.0,10000.0,3.359086328518643,12.092710782667114
M,l10124,2978.0,10000.0,3.3579583613163195,12.08865010073875
M,l10125,2983.0,10000.0,3.352329869259135,12.068387529332886
M,l10126,2987.0,10000.0,3.347840642785404,12.052226314027452
M,l10127,2988.0,10000.0,3.3467202141900936,12.048192771084338
M,l10129,2994.0,10000.0,3.3400133600534403,12.024048096192386
M,l10130,2996.0,10000.0,3.337783711615488,12.016021361815756
M,l10131,2999.0,10000.0,3.334444814938313,12.004001333777923
M,l10132,3001.0,10000.0,3.332222592469177,11.99600133288904
M,l10133,3001.0,10000.0,3.332222592469177,11.99600133288904
M,l10134,3002.0,10000.0,3.331112591605596,11.992005329780143
M,l10135,3008.0,10000.0,3.324468085106383,11.968085106382976
M,l10136,3016.0,10000.0,3.315649867374005,11.93633952254642
M,l10137,3021.0,10000.0,3.3101621979477,11.91658391261172
M,l10138,3026.0,10000.0,3.304692663582286,11.896893588896232
M,l10139,3030.0,10000.0,3.3003300330033003,11.88118811881188
M,l10140,3030.0,10000.0,3.3003300330033003,11.88118811881188
M,l10141,3032.0,10000.0,3.298153034300792,11.873350923482851
M,l10142,3047.0,10000.0,3.2819166393173616,11.814899901542502
M,l10143,3049.0,10000.0,3.279763857002296,11.807149885208265
M,l10144,3049.0,10000.0,3.279763857002296,11.807149885208265
M,l10145,3052.0,10000.0,3.2765399737876804,11.79554390563565
M,l10148,3070.0,10000.0,3.257328990228013,11.726384364820849
M,l10149,3071.0,10000.0,3.2562683165092805,11.72256593943341
M,l10151,3078.0,10000.0,3.248862897985705,11.695906432748538
M,l10153,3087.0,10000.0,3.2393909944930352,11.661807580174928
M,l10154,3088.0,10000.0,3.238341968911917,11.658031088082902
M,l10156,3095.0,10000.0,3.231017770597738,11.631663974151856
M,l10157,3096.0,10000.0,3.2299741602067185,11.627906976744187
M,l10160,3112.0,10000.0,3.2133676092544987,11.568123393316196
M,l10161,3112.0,10000.0,3.2133676092544987,11.568123393316196
M,l10162,3113.0,10000.0,3.2123353678124,11.56440732412464
M,l10163,3119.0,10000.0,3.206155819172812,11.542160949022122
M,l10164,3125.0,10000.0,3.2,11.52
M,l10166,3128.0,10000.0,3.1969309462915603,11.508951406649617
M,l10167,3129.0,10000.0,3.1959092361776924,11.505273250239693
M,l10168,3129.0,10000.0,3.1959092361776924,11.505273250239693
M,l10170,3137.0,10000.0,3.18775900541919,11.475932419509084
M,l10171,3139.0,10000.0,3.1857279388340234,11.468620579802485
M,l10172,3141.0,10000.0,3.183699458771092,11.461318051575931
M,l10173,3145.0,10000.0,3.179650238473768,11.446740858505564
M,l10174,3149.0,10000.0,3.1756113051762465,11.432200698634489
M,l10175,3152.0,10000.0,3.172588832487309,11.421319796954316
M,l10176,3152.0,10000.0,3.172588832487309,11.421319796954316
M,l10177,3159.0,10000.0,3.1655587211142766,11.396011396011396
M,l10179,3175.0,10000.0,3.1496062992125986,11.338582677165356
M,l10180,3183.0,10000.0,3.1416902293433866,11.310084825636192
M,l10181,3188.0,10000.0,3.136762860727729,11.292346298619824
M,l10183,3191.0,10000.0,3.133813851457224,11.281729865246003
M,l10184,3191.0,10000.0,3.133813851457224,11.281729865246003
M,l10185,3200.0,10000.0,3.125,11.25
M,l10187,3201.0,10000.0,3.124023742580444,11.246485473289596
M,l10188,3202.0,10000.0,3.1230480949406623,11.242973141786385
M,l10189,3210.0,10000.0,3.115264797507788,11.214953271028037
M,l10191,3215.0,10000.0,3.1104199066874028,11.19751166407465
M,l10192,3215.0,10000.0,3.1104199066874028,11.19751166407465
M,l10194,3229.0,10000.0,3.096934035305048,11.148962527098172
M,l10195,3229.0,10000.0,3.096934035305048,11.148962527098172
M,l10196,3238.0,10000.0,3.0883261272390365,11.117974058060533
M,l10199,3253.0,10000.0,3.0740854595757763,11.066707654472795
M,l10200,3263.0,10000.0,3.064664419246093,11.032791909285931
M,l10201,3263.0,10000.0,3.064664419246093,11.032791909285931
M,l10202,3264.0,10000.0,3.063725490196078,11.029411764705882
M,l10203,3278.0,10000.0,3.050640634533252,10.982306284319709
M,l10204,3280.0,10000.0,3.048780487804878,10.975609756097562
M,l10205,3282.0,10000.0,3.0469226081657528,10.96892138939671
M,l10207,3284.0,10000.0,3.045066991473812,10.962241169305724
M,l10208,3307.0,10000.0,3.023888720895071,10.885999395222257
M,l10209,3308.0,10000.0,3.022974607013301,10.882708585247885
M,l10210,3311.0,10000.0,3.020235578375113,10.872848082150409
M,l10214,3324.0,10000.0,3.0084235860409145,10.830324909747292
M,l10216,3330.0,10000.0,3.003003003003003,10.81081081081081
M,l10217,3330.0,10000.0,3.003003003003003,10.81081081081081
M,l10219,3333.0,10000.0,3.0003000300030003,10.8010801080108
M,l10221,3334.0,10000.0,2.9994001199760048,10.797840431913617
M,l10222,3338.0,10000.0,2.995805871779509,10.784901138406232
M,l10223,3338.0,10000.0,2.995805871779509,10.784901138406232
M,l10226,3359.0,10000.0,2.977076510866329,10.717475439118786
M,l10227,3364.0,10000.0,2.972651605231867,10.70154577883472
M,l10228,3369.0,10000.0,2.9682398337785694,10.685663401602849
M,l10229,3371.0,10000.0,2.966478789676654,10.679323642835952
M,l10231,3374.0,10000.0,2.963841138114997,10.669828097213989
M,l10233,3379.0,10000.0,2.959455460195324,10.654039656703167
M,l10236,3386.0,10000.0,2.9533372711163617,10.632014176018902
M,l10237,3387.0,10000.0,2.952465308532625,10.62887511071745
M,l10238,3392.0,10000.0,2.94811320754717,10.61320754716981
M,l10239,3392.0,10000.0,2.94811320754717,10.61320754716981
M,l10240,3392.0,10000.0,2.94811320754717,10.61320754716981
M,l10241,3394.0,10000.0,2.946375957572186,10.606953447259867
M,l10243,3398.0,10000.0,2.942907592701589,10.59446733372572
M,l10244,3398.0,10000.0,2.942907592701589,10.59446733372572
M,l10245,3398.0,10000.0,2.942907592701589,10.59446733372572
M,l10247,3415.0,10000.0,2.928257686676428,10.54172767203514
M,l10248,3428.0,10000.0,2.9171528588098017,10.501750291715286
M,l10249,3429.0,10000.0,2.916302128900554,10.498687664041991
M,l10250,3432.0,10000.0,2.913752913752914,10.48951048951049
M,l10254,3448.0,10000.0,2.9002320185614847,10.440835266821344
M,l10255,3462.0,10000.0,2.8885037550548818,10.398613518197577
M,l10258,3470.0,10000.0,2.881844380403458,10.374639769452449
M,l10259,3479.0,10000.0,2.874389192296637,10.347801092267892
M,l10260,3481.0,10000.0,2.872737719046251,10.341855788566503
M,l10261,3483.0,10000.0,2.871088142405972,10.3359173126615
M,l10262,3484.0,10000.0,2.8702640642939152,10.332950631458091
M,l10264,3486.0,10000.0,2.868617326448652,10.327022375215146
M,l10265,3498.0,10000.0,2.858776443682104,10.291595197255576
M,l10266,3500.0,10000.0,2.857142857142857,10.285714285714286
M,l10267,3504.0,10000.0,2.853881278538813,10.273972602739727
M,l10268,3507.0,10000.0,2.85143997718848,10.26518391787853
M,l10271,3528.0,10000.0,2.834467120181406,10.20408163265306
M,l10272,3528.0,10000.0,2.834467120181406,10.20408163265306
M,l10273,3559.0,10000.0,2.809778027535825,10.11520089912897
M,l10274,3564.0,10000.0,2.8058361391694726,10.1010101010101
M,l10277,3587.0,10000.0,2.7878449958182325,10.036241984945637
M,l10278,3596.0,10000.0,2.7808676307007785,10.011123470522802
M,l10280,3597.0,10000.0,2.780094523213789,10.00834028356964
M,l10281,3627.0,10000.0,2.7570995312930795,9.925558312655086
M,l10284,3644.0,10000.0,2.74423710208562,9.879253567508233
M,l10285,3651.0,10000.0,2.7389756231169544,9.860312243221037
M,l10287,3677.0,10000.0,2.7196083763938,9.790590155017677
M,l10288,3678.0,10000.0,2.718868950516585,9.787928221859705
M,l10289,3679.0,10000.0,2.718129926610492,9.785267735797772
M,l10290,3679.0,10000.0,2.718129926610492,9.785267735797772
M,l10291,3687.0,10000.0,2.712232167073501,9.764035801464605
M,l10294,3718.0,10000.0,2.6896180742334588,9.682625067240451
M,l10296,3735.0,10000.0,2.677376171352075,9.638554216867467
M,l10301,3763.0,10000.0,2.6574541589157588,9.56683497209673
M,l10302,3766.0,10000.0,2.655337227827934,9.559214020180564
M,l10304,3779.0,10000.0,2.646202699126753,9.526329716856312
M,l10307,3793.0,10000.0,2.636435539151068,9.491167940943845
M,l10310,3834.0,10000.0,2.608242044861764,9.389671361502348
M,l10312,3876.0,10000.0,2.579979360165119,9.287925696594428
M,l10313,3899.0,10000.0,2.564760194921775,9.23313670171839
M,l10314,3923.0,10000.0,2.549069589599796,9.176650522559264
M,l10315,3925.0,10000.0,2.5477707006369426,9.171974522292992
M,l10316,3936.0,10000.0,2.540650406504065,9.146341463414634
M,l10319,3940.0,10000.0,2.538071065989848,9.137055837563452
M,l10322,3968.0,10000.0,2.5201612903225805,9.07258064516129
M,l10323,3973.0,10000.0,2.51698968034231,9.061162849232318
M,l10324,3974.0,10000.0,2.5163563160543534,9.058882737795672
M,l10325,3974.0,10000.0,2.5163563160543534,9.058882737795672
M,l10327,3987.0,10000.0,2.508151492350138,9.029345372460496
M,l10328,3988.0,10000.0,2.507522567703109,9.027081243731192
M,l10333,4014.0,10000.0,2.491280518186348,8.968609865470851
M,l10335,4020.0,10000.0,2.487562189054726,8.955223880597014
M,l10336,4021.0,10000.0,2.486943546381497,8.952996766973389
M,l10340,4042.0,10000.0,2.474022761009401,8.906481939633844
M,l10341,4056.0,10000.0,2.465483234714004,8.875739644970416
M,l10342,4058.0,10000.0,2.464268112370626,8.871365204534253
M,l10344,4067.0,10000.0,2.4588148512417014,8.851733464470126
M,l10345,4070.0,10000.0,2.457002457002457,8.845208845208845
M,l10348,4129.0,10000.0,2.4218939210462582,8.71881811576653
M,l10349,4139.0,10000.0,2.416042522348393,8.697753080454216
M,l10355,4395.0,10000.0,2.2753128555176336,8.19112627986348
M,l10358,4469.0,10000.0,2.2376370552696354,8.055493398970688
M,l10359,4501.0,10000.0,2.221728504776716,7.998222617196179
M,l10360,4658.0,10000.0,2.1468441391155,7.728638900815801
M,l10362,4949.0,10000.0,2.020610224287735,7.274196807435846
M,l10363,4983.0,10000.0,2.006823198876179,7.224563515954244
F,l1057,2654.0,10000.0,3.767897513187641,13.564431047475509
F,l1060,2681.0,10000.0,3.729951510630362,13.427825438269304
F,l1065,2691.0,10000.0,3.716090672612412,13.377926421404684
F,l1067,2714.0,10000.0,3.684598378776714,13.26455416359617
F,l1068,2714.0,10000.0,3.684598378776714,13.26455416359617
F,l1073,2740.0,10000.0,3.6496350364963503,13.13868613138686
F,l10100,2907.0,10000.0,3.4399724802201583,12.383900928792569
F,l10102,2909.0,10000.0,3.4376074252320383,12.375386730835338
F,l10107,2918.0,10000.0,3.427004797806717,12.33721727210418
F,l10110,2926.0,10000.0,3.417634996582365,12.303485987696517
F,l10128,2990.0,10000.0,3.3444816053511706,12.040133779264211
F,l10146,3056.0,10000.0,3.272251308900524,11.780104712041885
F,l10147,3065.0,10000.0,3.2626427406199023,11.745513866231647
F,l10150,3078.0,10000.0,3.248862897985705,11.695906432748538
F,l10152,3080.0,10000.0,3.2467532467532467,11.688311688311687
F,l10155,3088.0,10000.0,3.238341968911917,11.658031088082902
F,l10158,3105.0,10000.0,3.2206119162640903,11.594202898550725
F,l10159,3107.0,10000.0,3.21853878339234,11.586739620212423
F,l10165,3126.0,10000.0,3.198976327575176,11.516314779270632
F,l10169,3131.0,10000.0,3.1938677738741617,11.49792398594698
F,l10178,3161.0,10000.0,3.1635558367605188,11.388801012337868
F,l10182,3188.0,10000.0,3.136762860727729,11.292346298619824
F,l10186,3200.0,10000.0,3.125,11.25
F,l10190,3215.0,10000.0,3.1104199066874028,11.19751166407465
F,l10193,3216.0,10000.0,3.109452736318408,11.194029850746269
F,l10197,3246.0,10000.0,3.0807147258163896,11.090573012939004
F,l10198,3247.0,10000.0,3.079765937788728,11.08715737603942
F,l10206,3284.0,10000.0,3.045066991473812,10.962241169305724
F,l10211,3312.0,10000.0,3.0193236714975846,10.869565217391305
F,l10212,3315.0,10000.0,3.016591251885369,10.85972850678733
F,l10213,3317.0,10000.0,3.014772384684956,10.853180584865845
F,l10215,3325.0,10000.0,3.007518796992481,10.827067669172932
F,l10218,3332.0,10000.0,3.0012004801920766,10.804321728691477
F,l10220,3334.0,10000.0,2.9994001199760048,10.797840431913617
F,l10224,3350.0,10000.0,2.985074626865672,10.74626865671642
F,l10225,3351.0,10000.0,2.9841838257236644,10.743061772605191
F,l10230,3372.0,10000.0,2.965599051008304,10.676156583629894
F,l10232,3376.0,10000.0,2.962085308056872,10.66350710900474
F,l10234,3380.0,10000.0,2.9585798816568047,10.650887573964498
F,l10235,3386.0,10000.0,2.9533372711163617,10.632014176018902
F,l10242,3394.0,10000.0,2.946375957572186,10.606953447259867
F,l10246,3399.0,10000.0,2.942041776993233,10.59135039717564
F,l10251,3437.0,10000.0,2.909514111143439,10.47425080011638
F,l10252,3442.0,10000.0,2.905287623474724,10.459035444509006
F,l10253,3448.0,10000.0,2.9002320185614847,10.440835266821344
F,l10256,3462.0,10000.0,2.8885037550548818,10.398613518197577
F,l10257,3464.0,10000.0,2.886836027713626,10.392609699769054
F,l10263,3485.0,10000.0,2.8694404591104736,10.329985652797705
F,l10269,3514.0,10000.0,2.845759817871372,10.244735344336938
F,l10270,3516.0,10000.0,2.844141069397042,10.238907849829353
F,l10275,3582.0,10000.0,2.7917364600781687,10.050251256281406
F,l10276,3587.0,10000.0,2.7878449958182325,10.036241984945637
F,l10279,3597.0,10000.0,2.780094523213789,10.00834028356964
F,l10282,3631.0,10000.0,2.7540622418066647,9.914624070503992
F,l10283,3644.0,10000.0,2.74423710208562,9.879253567508233
F,l10286,3654.0,10000.0,2.736726874657909,9.852216748768472
F,l10292,3689.0,10000.0,2.7107617240444566,9.758742206560044
F,l10293,3690.0,10000.0,2.710027100271003,9.75609756097561
F,l10295,3733.0,10000.0,2.678810608090008,9.643718189124028
F,l10297,3740.0,10000.0,2.6737967914438503,9.625668449197862
F,l10298,3741.0,10000.0,2.6730820636193533,9.623095429029672
F,l10299,3744.0,10000.0,2.6709401709401708,9.615384615384617
F,l10300,3753.0,10000.0,2.664535038635758,9.59232613908873
F,l10303,3777.0,10000.0,2.6476039184537994,9.531374106433676
F,l10305,3781.0,10000.0,2.644802962179317,9.521290663845544
F,l10306,3791.0,10000.0,2.637826431020839,9.49617515167502
F,l10308,3807.0,10000.0,2.6267402153926978,9.456264775413713
F,l10309,3821.0,10000.0,2.617115938236064,9.42161737764983
F,l10311,3836.0,10000.0,2.6068821689259645,9.384775808133472
F,l10317,3938.0,10000.0,2.5393600812595225,9.14169629253428
F,l10318,3938.0,10000.0,2.5393600812595225,9.14169629253428
F,l10320,3947.0,10000.0,2.533569799847986,9.12085127945275
F,l10321,3955.0,10000.0,2.528445006321113,9.102402022756005
F,l10326,3985.0,10000.0,2.5094102885821834,9.03387703889586
F,l10329,3992.0,10000.0,2.50501002004008,9.01803607214429
F,l10330,3995.0,10000.0,2.503128911138924,9.011264080100124
F,l10331,4000.0,10000.0,2.5,9.0
F,l10332,4010.0,10000.0,2.493765586034913,8.977556109725686
F,l10334,4020.0,10000.0,2.487562189054726,8.955223880597014
F,l10337,4028.0,10000.0,2.4826216484607744,8.937437934458787
F,l10338,4032.0,10000.0,2.4801587301587302,8.928571428571429
F,l10339,4034.0,10000.0,2.478929102627665,8.924144769459593
F,l10343,4060.0,10000.0,2.4630541871921183,8.866995073891626
F,l10346,4077.0,10000.0,2.452783909737552,8.830022075055187
F,l10347,4079.0,10000.0,2.4515812699190977,8.825692571708753
F,l10350,4220.0,10000.0,2.3696682464454977,8.530805687203792
F,l10351,4253.0,10000.0,2.351281448389372,8.464613214201739
F,l10352,4253.0,10000.0,2.351281448389372,8.464613214201739
F,l10353,4342.0,10000.0,2.3030861354214647,8.291110087517273
F,l10354,4360.0,10000.0,2.293577981651376,8.256880733944953
F,l10356,4414.0,10000.0,2.265518803806072,8.155867693701857
F,l10357,4424.0,10000.0,2.260397830018084,8.1374321880651
F,l10361,4667.0,10000.0,2.142704092564817,7.713734733233341
F,l10364,5414.0,10000.0,1.847063169560399,6.649427410417436
F,l10365,5660.0,10000.0,1.7667844522968197,6.36042402826855
M,l210,4477.0,21000.0,4.6906410542774175,16.8863077953987
M,l211,4627.0,21000.0,4.53857791225416,16.338880484114977
M,l212,4676.0,21000.0,4.491017964071856,16.167664670658684
M,l213,4747.0,21000.0,4.423846639983148,15.925847903939331
M,l214,4796.0,21000.0,4.378648874061718,15.763135946622183
M,l215,4808.0,21000.0,4.367720465890183,15.723793677204656
M,l216,4885.0,21000.0,4.298874104401229,15.475946775844422
M,l217,4948.0,21000.0,4.244139046079224,15.278900565885206
M,l218,4966.0,21000.0,4.2287555376560615,15.22351993556182
M,l219,5066.0,21000.0,4.145282273983419,14.923016186340307
M,l2110,5084.0,21000.0,4.130605822187254,14.870180959874116
M,l2111,5139.0,21000.0,4.086398131932283,14.711033274956218
M,l2112,5187.0,21000.0,4.048582995951417,14.5748987854251
M,l2113,5200.0,21000.0,4.038461538461538,14.538461538461537
M,l2114,5232.0,21000.0,4.013761467889908,14.449541284403669
M,l2115,5285.0,21000.0,3.9735099337748334,14.304635761589402
M,l2116,5312.0,21000.0,3.953313253012048,14.231927710843374
M,l2117,5331.0,21000.0,3.939223410241981,14.181204276871131
M,l2118,5341.0,21000.0,3.931847968545216,14.15465268676278
M,l2119,5377.0,21000.0,3.905523526129812,14.059884694067325
M,l2120,5379.0,21000.0,3.9040713887339655,14.054656999442276
M,l2121,5397.0,21000.0,3.891050583657588,14.007782101167315
M,l2122,5404.0,21000.0,3.886010362694301,13.989637305699482
M,l2123,5419.0,21000.0,3.8752537368518176,13.950913452666544
M,l2124,5432.0,21000.0,3.865979381443299,13.917525773195877
M,l2125,5439.0,21000.0,3.861003861003861,13.8996138996139
M,l2127,5476.0,21000.0,3.8349159970781592,13.805697589481372
M,l2128,5482.0,21000.0,3.8307187157971545,13.790587376869755
M,l2129,5484.0,21000.0,3.8293216630196936,13.785557986870897
M,l2130,5492.0,21000.0,3.823743627093955,13.765477057538238
M,l2131,5496.0,21000.0,3.820960698689957,13.755458515283843
M,l2132,5517.0,21000.0,3.806416530723219,13.70309951060359
M,l2133,5527.0,21000.0,3.799529582051746,13.678306495386284
M,l2134,5529.0,21000.0,3.798155181768855,13.673358654367878
M,l2135,5541.0,21000.0,3.7899296155928535,13.643746616134273
M,l2136,5563.0,21000.0,3.774941578285098,13.589789681826351
M,l2137,5567.0,21000.0,3.772229207831866,13.580025148194718
M,l2138,5587.0,21000.0,3.758725613030249,13.531412206908897
M,l2139,5614.0,21000.0,3.740648379052369,13.46633416458853
M,l2140,5615.0,21000.0,3.739982190560997,13.46393588601959
M,l2141,5616.0,21000.0,3.73931623931624,13.461538461538462
M,l2142,5632.0,21000.0,3.7286931818181817,13.423295454545451
M,l2143,5642.0,21000.0,3.7220843672456576,13.399503722084368
M,l2144,5647.0,21000.0,3.718788737382681,13.387639454577654
M,l2145,5686.0,21000.0,3.693281744635948,13.295814280689411
M,l2146,5703.0,21000.0,3.682272488164124,13.256180957390846
M,l2147,5704.0,21000.0,3.681626928471248,13.253856942496494
M,l2148,5711.0,21000.0,3.677114340745929,13.237611626685345
M,l2149,5712.0,21000.0,3.676470588235294,13.235294117647058
M,l2150,5748.0,21000.0,3.653444676409186,13.152400835073069
M,l2151,5753.0,21000.0,3.65026942464801,13.140969928732837
M,l2152,5760.0,21000.0,3.6458333333333335,13.125
M,l2154,5777.0,21000.0,3.6351047256361433,13.086377012290114
M,l2156,5812.0,21000.0,3.613214039917412,13.007570543702684
M,l2159,5846.0,21000.0,3.59219979473144,12.931919261033183
M,l2160,5879.0,21000.0,3.5720360605545163,12.859329817996258
M,l2162,5907.0,21000.0,3.555104113763332,12.798374809547994
M,l2164,5940.0,21000.0,3.5353535353535355,12.727272727272728
M,l2165,5970.0,21000.0,3.5175879396984926,12.663316582914574
M,l2166,5971.0,21000.0,3.5169988276670576,12.661195779601409
M,l2167,5975.0,21000.0,3.514644351464435,12.652719665271968
M,l2169,5984.0,21000.0,3.5093582887700534,12.633689839572192
M,l2170,5988.0,21000.0,3.5070140280561124,12.625250501002006
M,l2172,6049.0,21000.0,3.471648206315093,12.497933542734335
M,l2173,6060.0,21000.0,3.4653465346534653,12.475247524752474
M,l2174,6061.0,21000.0,3.4647747896386734,12.473189242699224
M,l2175,6073.0,21000.0,3.4579285361435863,12.44854273011691
M,l2176,6078.0,21000.0,3.455083909180652,12.438302073050345
M,l2177,6080.0,21000.0,3.4539473684210527,12.43421052631579
M,l2181,6129.0,21000.0,3.426333822809594,12.334801762114536
M,l2182,6186.0,21000.0,3.3947623666343354,12.221144519883609
M,l2184,6204.0,21000.0,3.3849129593810443,12.18568665377176
M,l2186,6233.0,21000.0,3.3691641264238728,12.128990855125942
M,l2187,6240.0,21000.0,3.3653846153846154,12.115384615384617
M,l2188,6242.0,21000.0,3.364306312079462,12.111502723486062
M,l2191,6268.0,21000.0,3.3503509891512446,12.06126356094448
M,l2192,6276.0,21000.0,3.3460803059273423,12.045889101338432
M,l2193,6277.0,21000.0,3.345547235940736,12.04397004938665
M,l2194,6296.0,21000.0,3.335451080050826,12.007623888182977
M,l2195,6298.0,21000.0,3.334391870435059,12.003810733566212
M,l2196,6307.0,21000.0,3.329633740288568,11.986681465038844
M,l2197,6309.0,21000.0,3.328578221588207,11.982881597717546
M,l2198,6313.0,21000.0,3.3264691905591635,11.975289086012989
M,l2199,6317.0,21000.0,3.3243628304574955,11.967706189646984
M,l21103,6333.0,21000.0,3.3159639981051634,11.937470393178588
M,l21105,6338.0,21000.0,3.313348059324708,11.928053013568949
M,l21106,6349.0,21000.0,3.3076074972436604,11.907386990077176
M,l21107,6354.0,21000.0,3.305004721435316,11.898016997167138
M,l21108,6360.0,21000.0,3.30188679245283,11.88679245283019
M,l21109,6392.0,21000.0,3.285356695869837,11.827284105131415
M,l21110,6433.0,21000.0,3.264417845484222,11.7519042437432
M,l21112,6462.0,21000.0,3.2497678737233056,11.6991643454039
M,l21113,6475.0,21000.0,3.2432432432432434,11.675675675675675
M,l21114,6483.0,21000.0,3.239241092086997,11.661267931513189
M,l21116,6497.0,21000.0,3.232261043558565,11.636139756810834
M,l21117,6514.0,21000.0,3.223825606386245,11.60577218299048
M,l21119,6547.0,21000.0,3.207575989002597,11.547273560409346
M,l21120,6569.0,21000.0,3.196833612421982,11.508601004719134
M,l21121,6587.0,21000.0,3.1880977683315623,11.477151965993624
M,l21122,6588.0,21000.0,3.1876138433515484,11.475409836065571
M,l21123,6591.0,21000.0,3.186162949476559,11.470186618115612
M,l21124,6592.0,21000.0,3.1856796116504853,11.468446601941746
M,l21126,6612.0,21000.0,3.176043557168784,11.433756805807622
M,l21127,6618.0,21000.0,3.173164097914778,11.4233907524932
M,l21128,6619.0,21000.0,3.172684695573349,11.42166490406406
M,l21129,6622.0,21000.0,3.171247357293869,11.416490486257928
M,l21131,6627.0,21000.0,3.168854685378,11.407876867360798
M,l21133,6642.0,21000.0,3.161698283649504,11.382113821138212
M,l21134,6649.0,21000.0,3.1583696796510754,11.370130846743873
M,l21136,6654.0,21000.0,3.1559963931469794,11.361587015329125
M,l21137,6656.0,21000.0,3.155048076923077,11.358173076923078
M,l21138,6676.0,21000.0,3.145596165368484,11.324146195326543
M,l21139,6678.0,21000.0,3.1446540880503147,11.320754716981131
M,l21140,6684.0,21000.0,3.141831238779174,11.310592459605026
M,l21142,6722.0,21000.0,3.1240702171972625,11.246652781910145
M,l21143,6727.0,21000.0,3.121748178980229,11.238293444328823
M,l21144,6730.0,21000.0,3.1203566121842496,11.233283803863298
M,l21145,6730.0,21000.0,3.1203566121842496,11.233283803863298
M,l21147,6759.0,21000.0,3.1069684864624945,11.18508655126498
M,l21148,6790.0,21000.0,3.09278350515464,11.134020618556702
M,l21149,6801.0,21000.0,3.0877812086457874,11.116012351124835
M,l21150,6802.0,21000.0,3.087327256689209,11.114378124081153
M,l21151,6812.0,21000.0,3.082795067527892,11.098062243100411
M,l21152,6812.0,21000.0,3.082795067527892,11.098062243100411
M,l21153,6816.0,21000.0,3.080985915492957,11.091549295774646
M,l21154,6822.0,21000.0,3.0782761653474053,11.08179419525066
M,l21156,6844.0,21000.0,3.068381063705436,11.046171829339569
M,l21157,6855.0,21000.0,3.063457330415755,11.028446389496718
M,l21158,6856.0,21000.0,3.063010501750292,11.02683780630105
M,l21163,6902.0,21000.0,3.042596348884381,10.953346855983773
M,l21164,6907.0,21000.0,3.0403938033878672,10.945417692196322
M,l21165,6922.0,21000.0,3.0338052585957818,10.921698930944814
M,l21168,6948.0,21000.0,3.022452504317789,10.88082901554404
M,l21170,6950.0,21000.0,3.021582733812949,10.87769784172662
M,l21173,6960.0,21000.0,3.0172413793103448,10.86206896551724
M,l21174,6960.0,21000.0,3.0172413793103448,10.86206896551724
M,l21178,6972.0,21000.0,3.0120481927710845,10.843373493975903
M,l21182,7007.0,21000.0,2.997002997002997,10.78921078921079
M,l21185,7040.0,21000.0,2.9829545454545454,10.738636363636363
M,l21186,7043.0,21000.0,2.981683941502201,10.734062189407924
M,l21187,7043.0,21000.0,2.981683941502201,10.734062189407924
M,l21188,7061.0,21000.0,2.974082991077751,10.706698767879905
M,l21190,7066.0,21000.0,2.9719784885366543,10.699122558731956
M,l21194,7111.0,21000.0,2.953171143299114,10.631416115876812
M,l21195,7112.0,21000.0,2.952755905511811,10.62992125984252
M,l21198,7146.0,21000.0,2.938706968933669,10.579345088161208
M,l21199,7152.0,21000.0,2.936241610738255,10.570469798657715
M,l21200,7163.0,21000.0,2.9317325143096467,10.554237051514727
M,l21203,7215.0,21000.0,2.9106029106029108,10.47817047817048
M,l21205,7222.0,21000.0,2.9077817779008583,10.468014400443089
M,l21207,7237.0,21000.0,2.9017548708028187,10.446317534890149
M,l21211,7279.0,21000.0,2.885011677428218,10.386042038741586
M,l21213,7286.0,21000.0,2.8822399121603075,10.376063683777106
M,l21215,7296.0,21000.0,2.8782894736842106,10.361842105263158
M,l21216,7305.0,21000.0,2.8747433264887063,10.349075975359344
M,l21217,7309.0,21000.0,2.8731700643042823,10.343412231495416
M,l21221,7358.0,21000.0,2.8540364229410167,10.27453112258766
M,l21222,7372.0,21000.0,2.848616386326641,10.255018990775907
M,l21223,7372.0,21000.0,2.848616386326641,10.255018990775907
M,l21230,7482.0,21000.0,2.806736166800321,10.104250200481154
M,l21233,7501.0,21000.0,2.799626716437808,10.07865617917611
M,l21234,7502.0,21000.0,2.7992535323913623,10.077312716608905
M,l21236,7505.0,21000.0,2.798134576948701,10.073284477015324
M,l21237,7520.0,21000.0,2.792553191489361,10.0531914893617
M,l21241,7552.0,21000.0,2.780720338983051,10.010593220338984
M,l21245,7588.0,21000.0,2.7675276752767526,9.96309963099631
M,l21246,7592.0,21000.0,2.766069546891465,9.957850368809272
M,l21248,7601.0,21000.0,2.7627943691619525,9.946059728983029
M,l21251,7632.0,21000.0,2.751572327044025,9.90566037735849
M,l21252,7664.0,21000.0,2.740083507306889,9.8643006263048
M,l21257,7700.0,21000.0,2.727272727272727,9.818181818181818
M,l21258,7750.0,21000.0,2.7096774193548385,9.75483870967742
M,l21263,7786.0,21000.0,2.697148728487028,9.7097354225533
M,l21267,7797.0,21000.0,2.693343593689881,9.696036937283573
M,l21272,7844.0,21000.0,2.6772055073941865,9.637939826619071
M,l21274,7879.0,21000.0,2.665312856961543,9.595126285061555
M,l21277,7932.0,21000.0,2.6475037821482603,9.531013615733736
M,l21278,7934.0,21000.0,2.646836400302496,9.528611041088984
M,l21284,8011.0,21000.0,2.6213955810760203,9.437024091873672
M,l21286,8028.0,21000.0,2.615844544095665,9.417040358744394
M,l21292,8077.0,21000.0,2.5999752383310635,9.359910857991828
M,l21295,8117.0,21000.0,2.587162744856474,9.313785881483309
M,l21298,8137.0,21000.0,2.5808037360206466,9.290893449674329
M,l21301,8171.0,21000.0,2.570064863541794,9.252233508750455
M,l21304,8198.0,21000.0,2.561600390339107,9.221761405220786
M,l21306,8241.0,21000.0,2.548234437568256,9.173643975245724
M,l21311,8289.0,21000.0,2.5334781035106766,9.120521172638435
M,l21313,8293.0,21000.0,2.532256119618956,9.116122030628242
M,l21316,8302.0,21000.0,2.5295109612141653,9.106239460370997
M,l21321,8343.0,21000.0,2.5170801869831,9.061488673139158
M,l21322,8344.0,21000.0,2.5167785234899327,9.060402684563758
M,l21324,8395.0,21000.0,2.501488981536629,9.005360333531865
M,l21325,8396.0,21000.0,2.501191043353978,9.004287756074321
M,l21331,8705.0,21000.0,2.4124066628374496,8.684663986214819
M,l21332,8726.0,21000.0,2.4066009626403853,8.663763465505387
M,l21333,8728.0,21000.0,2.406049495875344,8.661778185151237
M,l21334,8744.0,21000.0,2.401646843549863,8.645928636779507
M,l21337,8823.0,21000.0,2.380142808568514,8.568514110846651
M,l21346,9107.0,21000.0,2.3059185242121445,8.30130668716372
M,l21348,9157.0,21000.0,2.293327509009501,8.255979032434203
M,l21351,9216.0,21000.0,2.278645833333333,8.203125
M,l21352,9239.0,21000.0,2.2729732655049246,8.182703755817728
M,l21353,9242.0,21000.0,2.272235446872972,8.180047608742697
M,l21360,9561.0,21000.0,2.196422968308754,7.907122685911515
M,l21362,9588.0,21000.0,2.1902377972465583,7.88485607008761
M,l21368,12149.0,21000.0,1.7285373281751584,6.222734381430571
M,l21375,7847.0,21000.0,2.6761819803746656,9.634255129348796
F,l2153,5764.0,21000.0,3.643303261623872,13.11589174184594
F,l2155,5808.0,21000.0,3.615702479338843,13.016528925619836
F,l2157,5817.0,21000.0,3.610108303249097,12.99638989169675
F,l2158,5820.0,21000.0,3.608247422680413,12.989690721649486
F,l2161,5902.0,21000.0,3.558115892917655,12.809217214503557
F,l2163,5937.0,21000.0,3.537139969681657,12.733703890853969
F,l2168,5981.0,21000.0,3.5111185420498243,12.640026751379368
F,l2171,6027.0,21000.0,3.484320557491289,12.54355400696864
F,l2178,6086.0,21000.0,3.45054222806441,12.421952021031878
F,l2179,6093.0,21000.0,3.4465780403742,12.40768094534712
F,l2180,6114.0,21000.0,3.434739941118744,12.365063788027475
F,l2183,6190.0,21000.0,3.392568659127625,12.21324717285945
F,l2185,6205.0,21000.0,3.3843674456083805,12.18372280419017
F,l2189,6248.0,21000.0,3.361075544174136,12.099871959026888
F,l2190,6253.0,21000.0,3.358387973772589,12.090196705581322
F,l21100,6319.0,21000.0,3.32331065041937,11.963918341509732
F,l21101,6325.0,21000.0,3.3201581027667983,11.952569169960476
F,l21102,6332.0,21000.0,3.3164876816171827,11.939355653821858
F,l21104,6338.0,21000.0,3.313348059324708,11.928053013568949
F,l21111,6442.0,21000.0,3.259857187208941,11.73548587395219
F,l21115,6491.0,21000.0,3.235248806039131,11.646895701740872
F,l21118,6529.0,21000.0,3.216419053453821,11.579108592433755
F,l21125,6592.0,21000.0,3.1856796116504853,11.468446601941746
F,l21130,6623.0,21000.0,3.170768533897025,11.414766722029292
F,l21132,6629.0,21000.0,3.167898627243928,11.40443505807814
F,l21135,6652.0,21000.0,3.156945279615153,11.365003006614552
F,l21141,6687.0,21000.0,3.140421713772992,11.305518169582772
F,l21146,6732.0,21000.0,3.119429590017825,11.229946524064172
F,l21155,6838.0,21000.0,3.0710734132787363,11.05586428780345
F,l21159,6859.0,21000.0,3.061670797492346,11.022014870972445
F,l21160,6860.0,21000.0,3.061224489795918,11.020408163265303
F,l21161,6863.0,21000.0,3.059886347078537,11.015590849482734
F,l21162,6891.0,21000.0,3.04745319982586,10.970831519373096
F,l21166,6924.0,21000.0,3.032928942807626,10.918544194107453
F,l21167,6924.0,21000.0,3.032928942807626,10.918544194107453
F,l21169,6950.0,21000.0,3.021582733812949,10.87769784172662
F,l21171,6952.0,21000.0,3.0207134637514383,10.874568469505178
F,l21172,6957.0,21000.0,3.0185424752048298,10.866752910737386
F,l21175,6961.0,21000.0,3.01680792989513,10.860508547622466
F,l21176,6962.0,21000.0,3.016374604998564,10.858948577994829
F,l21177,6972.0,21000.0,3.0120481927710845,10.843373493975903
F,l21179,6980.0,21000.0,3.008595988538682,10.830945558739256
F,l21180,6987.0,21000.0,3.0055817947617003,10.82009446114212
F,l21181,7001.0,21000.0,2.999571489787173,10.798457363233824
F,l21183,7022.0,21000.0,2.9906009683850754,10.76616348618627
F,l21184,7038.0,21000.0,2.9838022165387894,10.74168797953964
F,l21189,7063.0,21000.0,2.9732408325074333,10.70366699702676
F,l21191,7075.0,21000.0,2.968197879858657,10.685512367491167
F,l21192,7107.0,21000.0,2.9548332629801606,10.63739974672858
F,l21193,7111.0,21000.0,2.953171143299114,10.631416115876812
F,l21196,7126.0,21000.0,2.9469548133595285,10.609037328094304
F,l21197,7143.0,21000.0,2.9399412011759765,10.583788324233517
F,l21201,7179.0,21000.0,2.9251984956122024,10.530714584203928
F,l21202,7194.0,21000.0,2.9190992493744785,10.508757297748122
F,l21204,7219.0,21000.0,2.908990164842776,10.472364593433992
F,l21206,7226.0,21000.0,2.906172156102961,10.46221976197066
F,l21208,7253.0,21000.0,2.8953536467668552,10.42327312836068
F,l21209,7269.0,21000.0,2.8889806025588114,10.40033016921172
F,l21210,7276.0,21000.0,2.886201209455745,10.390324354040684
F,l21212,7279.0,21000.0,2.885011677428218,10.386042038741586
F,l21214,7291.0,21000.0,2.8802633383623646,10.368948018104511
F,l21218,7324.0,21000.0,2.8672856362643366,10.322228290551612
F,l21219,7324.0,21000.0,2.8672856362643366,10.322228290551612
F,l21220,7330.0,21000.0,2.8649386084583903,10.313778990450206
F,l21224,7386.0,21000.0,2.843216896831844,10.23558082859464
F,l21225,7422.0,21000.0,2.8294260307194827,10.185933710590138
F,l21226,7422.0,21000.0,2.8294260307194827,10.185933710590138
F,l21227,7423.0,21000.0,2.8290448605685032,10.184561498046612
F,l21228,7439.0,21000.0,2.822960075278935,10.162656271004169
F,l21229,7456.0,21000.0,2.8165236051502145,10.139484978540771
F,l21231,7488.0,21000.0,2.80448717948718,10.096153846153843
F,l21232,7496.0,21000.0,2.8014941302027747,10.08537886872999
F,l21235,7504.0,21000.0,2.798507462686567,10.07462686567164
F,l21238,7521.0,21000.0,2.792181890706023,10.051854806541684
F,l21239,7544.0,21000.0,2.7836691410392365,10.02120890774125
F,l21240,7550.0,21000.0,2.781456953642384,10.013245033112582
F,l21242,7563.0,21000.0,2.7766759222530744,9.996033320111067
F,l21243,7570.0,21000.0,2.774108322324967,9.986789960369885
F,l21244,7575.0,21000.0,2.772277227722772,9.980198019801978
F,l21247,7597.0,21000.0,2.7642490456759248,9.95129656443333
F,l21249,7623.0,21000.0,2.7548209366391183,9.917355371900824
F,l21250,7623.0,21000.0,2.7548209366391183,9.917355371900824
F,l21253,7669.0,21000.0,2.738297040031295,9.85786934411266
F,l21254,7674.0,21000.0,2.7365129007036746,9.851446442533229
F,l21255,7689.0,21000.0,2.731174404994148,9.83222785797893
F,l21256,7699.0,21000.0,2.7276269645408493,9.819457072347056
F,l21259,7751.0,21000.0,2.7093278286672686,9.753580183202166
F,l21260,7760.0,21000.0,2.706185567010309,9.742268041237114
F,l21261,7773.0,21000.0,2.7016595908915475,9.725974527209573
F,l21262,7776.0,21000.0,2.700617283950617,9.72222222222222
F,l21264,7787.0,21000.0,2.6968023629125466,9.708488506485168
F,l21265,7789.0,21000.0,2.696109898574913,9.705995634869687
F,l21266,7793.0,21000.0,2.694726036186321,9.701013730270756
F,l21268,7813.0,21000.0,2.687827979009344,9.676180724433635
F,l21269,7823.0,21000.0,2.684392176914227,9.663811836891218
F,l21270,7828.0,21000.0,2.682677567705672,9.65763924374042
F,l21271,7842.0,21000.0,2.677888293802601,9.640397857689363
F,l21273,7867.0,21000.0,2.6693784161688066,9.609762298207702
F,l21275,7886.0,21000.0,2.662946994674106,9.58660918082678
F,l21276,7929.0,21000.0,2.6485054861899355,9.534619750283769
F,l21279,7954.0,21000.0,2.6401810409856674,9.504651747548404
F,l21280,7955.0,21000.0,2.6398491514770583,9.50345694531741
F,l21281,7960.0,21000.0,2.6381909547738696,9.49748743718593
F,l21282,7975.0,21000.0,2.633228840125392,9.47962382445141
F,l21283,7976.0,21000.0,2.6328986960882648,9.478435305917754
F,l21285,8011.0,21000.0,2.6213955810760203,9.437024091873672
F,l21287,8029.0,21000.0,2.6155187445510024,9.415867480383609
F,l21288,8032.0,21000.0,2.614541832669323,9.412350597609562
F,l21289,8040.0,21000.0,2.611940298507463,9.402985074626866
F,l21290,8052.0,21000.0,2.608047690014903,9.38897168405365
F,l21291,8065.0,21000.0,2.603843769373837,9.373837569745817
F,l21293,8089.0,21000.0,2.596118185189764,9.34602546668315
F,l21294,8116.0,21000.0,2.5874815179891573,9.314933464760967
F,l21296,8117.0,21000.0,2.587162744856474,9.313785881483309
F,l21297,8137.0,21000.0,2.5808037360206466,9.290893449674329
F,l21299,8145.0,21000.0,2.578268876611418,9.281767955801106
F,l21300,8157.0,21000.0,2.574475910261125,9.268113276940053
F,l21302,8172.0,21000.0,2.569750367107196,9.251101321585905
F,l21303,8197.0,21000.0,2.5619128949615715,9.222886421861658
F,l21305,8213.0,21000.0,2.556921953001339,9.204919030804822
F,l21307,8246.0,21000.0,2.546689303904924,9.168081494057724
F,l21308,8251.0,21000.0,2.5451460429038906,9.162525754454006
F,l21309,8284.0,21000.0,2.5350072428778367,9.126026074360212
F,l21310,8288.0,21000.0,2.533783783783784,9.12162162162162
F,l21312,8290.0,21000.0,2.5331724969843186,9.119420989143547
F,l21314,8293.0,21000.0,2.532256119618956,9.116122030628242
F,l21315,8294.0,21000.0,2.5319508078128767,9.115022908126356
F,l21317,8304.0,21000.0,2.5289017341040463,9.104046242774563
F,l21318,8319.0,21000.0,2.5243418680129825,9.087630724846736
F,l21319,8329.0,21000.0,2.5213110817625166,9.07671989434506
F,l21320,8343.0,21000.0,2.5170801869831,9.061488673139158
F,l21323,8375.0,21000.0,2.5074626865671643,9.026865671641792
F,l21326,8406.0,21000.0,2.498215560314061,8.993576017130621
F,l21327,8447.0,21000.0,2.486089736000947,8.94992304960341
F,l21328,8455.0,21000.0,2.483737433471319,8.941454760496748
F,l21329,8520.0,21000.0,2.464788732394366,8.873239436619716
F,l21330,8578.0,21000.0,2.4481231056190254,8.813243180228492
F,l21335,8765.0,21000.0,2.3958927552766687,8.625213918996007
F,l21336,8814.0,21000.0,2.382573179033356,8.577263444520081
F,l21338,8889.0,21000.0,2.362470469119136,8.50489368882889
F,l21339,8933.0,21000.0,2.350833986342774,8.463002350833985
F,l21340,8993.0,21000.0,2.335149560769487,8.406538418770154
F,l21341,8994.0,21000.0,2.334889926617745,8.405603735823883
F,l21342,9033.0,21000.0,2.3248090335436733,8.369312520757225
F,l21343,9033.0,21000.0,2.3248090335436733,8.369312520757225
F,l21344,9038.0,21000.0,2.3235229032971896,8.364682451869884
F,l21345,9057.0,21000.0,2.3186485591255384,8.34713481285194
F,l21347,9108.0,21000.0,2.30566534914361,8.300395256916996
F,l21349,9157.0,21000.0,2.293327509009501,8.255979032434203
F,l21350,9170.0,21000.0,2.2900763358778624,8.244274809160304
F,l21354,9242.0,21000.0,2.272235446872972,8.180047608742697
F,l21355,9242.0,21000.0,2.272235446872972,8.180047608742697
F,l21356,9327.0,21000.0,2.251527822450949,8.105500160823416
F,l21357,9418.0,21000.0,2.229772775536208,8.027181991930346
F,l21358,9455.0,21000.0,2.22104706504495,7.9957694341618195
F,l21359,9463.0,21000.0,2.2191693965972736,7.989009827750185
F,l21361,9580.0,21000.0,2.192066805845512,7.89144050104384
F,l21363,9589.0,21000.0,2.1900093857545104,7.884033788716238
F,l21364,10240.0,21000.0,2.05078125,7.3828125
F,l21365,10347.0,21000.0,2.0295737895042043,7.306465642215135
F,l21366,10347.0,21000.0,2.0295737895042043,7.306465642215135
F,l21367,10466.0,21000.0,2.006497229122874,7.223390024842346
F,l21373,5709.0,21000.0,3.6784025223331582,13.24224908039937
M,l421,10062.0,42000.0,4.174120453190221,15.026833631484797
M,l422,11041.0,42000.0,3.8040032605742233,13.694411738067204
M,l423,11261.0,42000.0,3.7296865287274654,13.426871503418878
M,l424,11626.0,42000.0,3.612592465164287,13.005332874591431
M,l425,11697.0,42000.0,3.5906642728904847,12.926391382405743
M,l426,11698.0,42000.0,3.590357326038639,12.925286373739102
M,l427,11789.0,42000.0,3.562643141911952,12.825515310883029
M,l428,11814.0,42000.0,3.555104113763332,12.798374809547994
M,l429,11941.0,42000.0,3.517293359015158,12.66225609245457
M,l4210,11994.0,42000.0,3.5017508754377187,12.606303151575789
M,l4211,12051.0,42000.0,3.4851879512073687,12.546676624346528
M,l4212,12117.0,42000.0,3.466204506065858,12.47833622183709
M,l4213,12195.0,42000.0,3.4440344403444034,12.398523985239851
M,l4214,12277.0,42000.0,3.421031196546388,12.315712307566995
M,l4215,12290.0,42000.0,3.417412530512612,12.302685109845402
M,l4216,12396.0,42000.0,3.388189738625363,12.197483059051308
M,l4217,12430.0,42000.0,3.37892196299276,12.164119066773932
M,l4218,12499.0,42000.0,3.3602688215057204,12.096967757420591
M,l4219,12559.0,42000.0,3.3442153037662234,12.039175093558404
M,l4220,12617.0,42000.0,3.3288420385194577,11.983831338670049
M,l4221,12694.0,42000.0,3.308649755790137,11.911139120844492
M,l4222,12708.0,42000.0,3.305004721435316,11.898016997167138
M,l4223,12724.0,42000.0,3.3008487896887773,11.8830556428796
M,l4224,12821.0,42000.0,3.2758755167303644,11.793151860229312
M,l4225,12903.0,42000.0,3.255056963496861,11.7182050685887
M,l4226,13020.0,42000.0,3.225806451612903,11.61290322580645
M,l4228,13071.0,42000.0,3.213220105577232,11.567592380078034
M,l4229,13098.0,42000.0,3.20659642693541,11.543747136967475
M,l4230,13110.0,42000.0,3.203661327231121,11.533180778032037
M,l4231,13189.0,42000.0,3.1844719084085225,11.46409887027068
M,l4232,13369.0,42000.0,3.141596230084524,11.309746428304283
M,l4233,13373.0,42000.0,3.140656546773349,11.306363568384056
M,l4234,13439.0,42000.0,3.125232532182454,11.250837115856836
M,l4235,13464.0,42000.0,3.119429590017825,11.229946524064172
M,l4236,13587.0,42000.0,3.091190108191654,11.128284389489954
M,l4237,13605.0,42000.0,3.08710033076075,11.113561190738698
M,l4238,13646.0,42000.0,3.0778250036640773,11.080170013190678
M,l4239,13690.0,42000.0,3.0679327976625275,11.0445580715851
M,l4240,13871.0,42000.0,3.0278999351164297,10.900439766419147
M,l4242,13880.0,42000.0,3.025936599423631,10.893371757925072
M,l4243,13979.0,42000.0,3.0045067601402105,10.816224336504758
M,l4244,13981.0,42000.0,3.00407696159073,10.814677061726629
M,l4245,14074.0,42000.0,2.9842262327696463,10.743214437970726
M,l4246,14080.0,42000.0,2.9829545454545454,10.738636363636363
M,l4247,14081.0,42000.0,2.9827427029330305,10.73787373055891
M,l4248,14220.0,42000.0,2.953586497890296,10.632911392405065
M,l4249,14242.0,42000.0,2.9490240134812526,10.616486448532507
M,l4250,14268.0,42000.0,2.943650126156434,10.597140454163162
M,l4252,14393.0,42000.0,2.9180851802959773,10.505106649065516
M,l4253,14495.0,42000.0,2.89755087961366,10.431183166609175
M,l4254,14813.0,42000.0,2.835347330047931,10.207250388172552
M,l4255,14935.0,42000.0,2.812186139939739,10.12387010378306
M,l4256,15111.0,42000.0,2.7794322017073654,10.005955926146514
M,l4257,15112.0,42000.0,2.77924827951297,10.005293806246693
M,l4258,15247.0,42000.0,2.754640257099757,9.916704925559127
M,l4259,15314.0,42000.0,2.7425884811283794,9.873318532062164
M,l4261,15433.0,42000.0,2.721441067841638,9.797187844229896
M,l4262,15522.0,42000.0,2.7058368766911483,9.741012756088134
M,l4266,15649.0,42000.0,2.6838775640616013,9.661959230621765
M,l4267,15675.0,42000.0,2.6794258373205744,9.645933014354068
M,l4269,15759.0,42000.0,2.66514372739387,9.594517418617931
M,l4270,15774.0,42000.0,2.6626093571700267,9.585393685812097
M,l4271,15809.0,42000.0,2.6567145296982733,9.564172306913784
M,l4272,15891.0,42000.0,2.643005474797055,9.5148197092694
M,l4273,16030.0,42000.0,2.6200873362445414,9.432314410480348
M,l4274,16033.0,42000.0,2.6195970810203955,9.430549491673425
M,l4275,16058.0,42000.0,2.6155187445510024,9.415867480383609
M,l4276,16064.0,42000.0,2.614541832669323,9.412350597609562
M,l4277,16104.0,42000.0,2.608047690014903,9.38897168405365
M,l4280,16223.0,42000.0,2.588916969734328,9.32010109104358
M,l4281,16223.0,42000.0,2.588916969734328,9.32010109104358
M,l4284,16486.0,42000.0,2.547616159165353,9.171418172995269
M,l4288,16748.0,42000.0,2.5077621208502507,9.027943635060904
M,l4290,17042.0,42000.0,2.4644994718929705,8.872198098814694
M,l4292,17111.0,42000.0,2.4545613932558004,8.836421015720882
M,l4293,17126.0,42000.0,2.4524115380123788,8.828681536844565
M,l4294,17250.0,42000.0,2.4347826086956523,8.765217391304349
M,l4295,17495.0,42000.0,2.400685910260074,8.642469276936266
M,l4298,17754.0,42000.0,2.3656640757012504,8.516390672524501
M,l4299,18021.0,42000.0,2.330614283336108,8.39021142000999
M,l42101,18235.0,42000.0,2.3032629558541267,8.291746641074857
M,l42102,18324.0,42000.0,2.2920759659463,8.25147347740668
M,l42103,18565.0,42000.0,2.2623215728521413,8.144357662267709
M,l42104,18790.0,42000.0,2.2352315061202765,8.046833422032995
M,l42106,18867.0,42000.0,2.226109079344888,8.013992685641597
M,l42107,18985.0,42000.0,2.212272846984461,7.964182249144061
M,l42109,19531.0,42000.0,2.150427525472326,7.741539091700374
M,l42111,19704.0,42000.0,2.131546894031669,7.673568818514008
M,l42112,19895.0,42000.0,2.111083186730334,7.599899472229203
M,l42115,11414.0,42000.0,3.679691606798668,13.246889784475206
M,l42116,9465.0,42000.0,4.437400950871632,15.974643423137875
M,l42127,12596.0,42000.0,3.334391870435059,12.003810733566212
F,l4241,13879.0,42000.0,3.026154622090929,10.894156639527342
F,l4251,14367.0,42000.0,2.9233660471914806,10.52411776988933
F,l4260,15314.0,42000.0,2.7425884811283794,9.873318532062164
F,l4263,15554.0,42000.0,2.7002700270027,9.72097209720972
F,l4264,15614.0,42000.0,2.6898936851543485,9.683617266555656
F,l4265,15636.0,42000.0,2.686108979278588,9.669992325402916
F,l4268,15680.0,42000.0,2.6785714285714284,9.64285714285714
F,l4278,16124.0,42000.0,2.604812701562888,9.377325725626395
F,l4279,16204.0,42000.0,2.591952604295236,9.33102937546285
F,l4282,16258.0,42000.0,2.5833435846967645,9.300036904908351
F,l4283,16444.0,42000.0,2.5541230844076868,9.194843103867672
F,l4285,16542.0,42000.0,2.538991657598839,9.14036996735582
F,l4286,16636.0,42000.0,2.5246453474392885,9.088723250781438
F,l4287,16686.0,42000.0,2.5170801869831,9.061488673139158
F,l4289,16977.0,42000.0,2.473935324262237,8.906167167344055
F,l4291,17048.0,42000.0,2.4636320976067574,8.869075551384327
F,l4296,17650.0,42000.0,2.379603399433428,8.56657223796034
F,l4297,17737.0,42000.0,2.367931442746801,8.524553193888481
F,l42100,18039.0,42000.0,2.328288707799768,8.381839348079161
F,l42105,18792.0,42000.0,2.234993614303959,8.045977011494251
F,l42108,19444.0,42000.0,2.160049372557087,7.776177741205513
F,l42110,19663.0,42000.0,2.135991456034176,7.689569241723033
F,l42113,19909.0,42000.0,2.109598673966548,7.594555226279573
F,l42114,20006.0,42000.0,2.099370188943317,7.557732680195941
M,l5h0,932.0,5000.0,5.364806866952789,19.313304721030043
M,l5h1,944.0,5000.0,5.296610169491525,19.06779661016949
M,l5h2,995.0,5000.0,5.025125628140704,18.09045226130653
M,l5h3,1004.0,5000.0,4.9800796812749,17.92828685258964
M,l5h4,1056.0,5000.0,4.734848484848484,17.045454545454543
M,l5h5,1063.0,5000.0,4.703668861712136,16.93320790216369
M,l5h6,1068.0,5000.0,4.681647940074907,16.853932584269664
M,l5h7,1070.0,5000.0,4.672897196261682,16.822429906542055
M,l5h8,1091.0,5000.0,4.582951420714941,16.498625114573787
M,l5h9,1086.0,5000.0,4.6040515653775325,16.574585635359114
M,l5h11,1122.0,5000.0,4.45632798573975,16.0427807486631
M,l5h12,1130.0,5000.0,4.424778761061947,15.929203539823009
M,l5h13,1136.0,5000.0,4.401408450704225,15.845070422535212
M,l5h14,1138.0,5000.0,4.393673110720562,15.817223198594023
M,l5h15,1138.0,5000.0,4.393673110720562,15.817223198594023
M,l5h16,1153.0,5000.0,4.336513443191674,15.611448395490024
M,l5h18,1179.0,5000.0,4.240882103477524,15.267175572519085
M,l5h19,1177.0,5000.0,4.248088360237893,15.293118096856414
M,l5h20,1187.0,5000.0,4.212299915754001,15.164279696714404
M,l5h21,1190.0,5000.0,4.201680672268908,15.126050420168069
M,l5h22,1196.0,5000.0,4.180602006688964,15.050167224080267
M,l5h23,1197.0,5000.0,4.177109440267335,15.037593984962406
M,l5h24,1202.0,5000.0,4.159733777038269,14.97504159733777
M,l5h25,1209.0,5000.0,4.13564929693962,14.88833746898263
M,l5h28,1223.0,5000.0,4.088307440719542,14.717906786590351
M,l5h29,1233.0,5000.0,4.0551500405515,14.5985401459854
M,l5h30,1241.0,5000.0,4.0290088638195005,14.5044319097502
M,l5h32,1303.0,5000.0,3.837298541826554,13.814274750575594
M,l5h33,1312.0,5000.0,3.8109756097560976,13.719512195121952
M,l5h34,1309.0,5000.0,3.819709702062643,13.750954927425514
M,l5h35,1316.0,5000.0,3.7993920972644375,13.677811550151976
M,l5h37,1330.0,5000.0,3.7593984962406015,13.533834586466169
M,l5h38,1327.0,5000.0,3.767897513187641,13.564431047475509
M,l5h40,1330.0,5000.0,3.7593984962406015,13.533834586466169
M,l5h41,1322.0,5000.0,3.7821482602118,13.615733736762484
M,l5h44,1342.0,5000.0,3.725782414307005,13.412816691505215
M,l5h45,1352.0,5000.0,3.698224852071006,13.31360946745562
M,l5h46,1354.0,5000.0,3.692762186115214,13.293943870014772
M,l5h47,1360.0,5000.0,3.676470588235294,13.235294117647058
M,l5h48,1353.0,5000.0,3.695491500369549,13.303769401330378
M,l5h49,1362.0,5000.0,3.671071953010279,13.215859030837004
M,l5h50,1368.0,5000.0,3.654970760233918,13.157894736842104
M,l5h51,1371.0,5000.0,3.646973012399709,13.12910284463895
M,l5h52,1376.0,5000.0,3.633720930232558,13.081395348837209
M,l5h53,1376.0,5000.0,3.633720930232558,13.081395348837209
M,l5h54,1380.0,5000.0,3.6231884057971016,13.043478260869566
M,l5h56,1392.0,5000.0,3.5919540229885056,12.93103448275862
M,l5h57,1401.0,5000.0,3.5688793718772307,12.84796573875803
M,l5h58,1394.0,5000.0,3.586800573888092,12.91248206599713
M,l5h59,1403.0,5000.0,3.563791874554526,12.829650748396292
M,l5h60,1405.0,5000.0,3.5587188612099645,12.811387900355871
M,l5h61,1415.0,5000.0,3.53356890459364,12.7208480565371
M,l5h64,1433.0,5000.0,3.4891835310537336,12.56106071179344
M,l5h65,1429.0,5000.0,3.4989503149055285,12.596221133659904
M,l5h66,1437.0,5000.0,3.4794711203897006,12.526096033402922
M,l5h67,1445.0,5000.0,3.460207612456748,12.456747404844291
M,l5h69,1449.0,5000.0,3.450655624568668,12.422360248447204
M,l5h72,1472.0,5000.0,3.3967391304347827,12.22826086956522
M,l5h73,1471.0,5000.0,3.399048266485384,12.236573759347383
M,l5h75,1486.0,5000.0,3.364737550471064,12.11305518169583
M,l5h76,1499.0,5000.0,3.33555703802535,12.00800533689126
M,l5h77,1493.0,5000.0,3.348961821835231,12.056262558606832
M,l5h78,1501.0,5000.0,3.331112591605596,11.992005329780143
M,l5h82,1512.0,5000.0,3.306878306878307,11.904761904761903
M,l5h83,1530.0,5000.0,3.2679738562091503,11.76470588235294
M,l5h84,1525.0,5000.0,3.278688524590164,11.803278688524587
M,l5h85,1530.0,5000.0,3.2679738562091503,11.76470588235294
M,l5h87,1556.0,5000.0,3.2133676092544987,11.568123393316196
M,l5h90,1560.0,5000.0,3.2051282051282053,11.538461538461538
M,l5h92,1570.0,5000.0,3.1847133757961785,11.464968152866245
M,l5h93,1577.0,5000.0,3.170577045022194,11.4140773620799
M,l5h94,1577.0,5000.0,3.170577045022194,11.4140773620799
M,l5h95,1579.0,5000.0,3.1665611146295123,11.399620012666244
M,l5h96,1577.0,5000.0,3.170577045022194,11.4140773620799
M,l5h97,1576.0,5000.0,3.172588832487309,11.421319796954316
M,l5h98,1592.0,5000.0,3.14070351758794,11.306532663316585
M,l5h99,1591.0,5000.0,3.1426775612822127,11.313639220615965
M,l5h100,1590.0,5000.0,3.1446540880503147,11.320754716981131
M,l5h102,1611.0,5000.0,3.1036623215394163,11.1731843575419
M,l5h103,1605.0,5000.0,3.115264797507788,11.214953271028037
M,l5h104,1618.0,5000.0,3.0902348578491967,11.124845488257108
M,l5h106,1644.0,5000.0,3.0413625304136254,10.94890510948905
M,l5h107,1646.0,5000.0,3.0376670716889427,10.935601458080193
M,l5h109,1654.0,5000.0,3.022974607013301,10.882708585247885
M,l5h111,1658.0,5000.0,3.0156815440289506,10.85645355850422
M,l5h113,1664.0,5000.0,3.0048076923076925,10.817307692307692
M,l5h114,1674.0,5000.0,2.986857825567503,10.75268817204301
M,l5h115,1697.0,5000.0,2.946375957572186,10.606953447259867
M,l5h116,1714.0,5000.0,2.9171528588098017,10.501750291715286
M,l5h117,1720.0,5000.0,2.9069767441860463,10.465116279069766
M,l5h118,1724.0,5000.0,2.9002320185614847,10.440835266821344
M,l5h122,1782.0,5000.0,2.8058361391694726,10.1010101010101
M,l5h125,1849.0,5000.0,2.7041644131963225,9.734991887506762
M,l5h126,1851.0,5000.0,2.701242571582928,9.724473257698545
M,l5h128,1876.0,5000.0,2.665245202558636,9.594882729211088
M,l5h130,1903.0,5000.0,2.627430373095113,9.458749343142406
M,l5h131,1905.0,5000.0,2.6246719160104988,9.448818897637794
M,l5h132,1989.0,5000.0,2.513826043237808,9.049773755656108
M,l5h133,1983.0,5000.0,2.5214321734745337,9.077155824508322
M,l5h141,2057.0,5000.0,2.430724355858046,8.750607681088965
M,l5h142,2059.0,5000.0,2.4283632831471587,8.742107819329771
M,l5h143,2158.0,5000.0,2.3169601482854496,8.341056533827619
M,l5h145,2260.0,5000.0,2.2123893805309733,7.964601769911503
F,l5h10,1114.0,5000.0,4.488330341113106,16.15798922800718
F,l5h17,1169.0,5000.0,4.277159965782721,15.397775876817793
F,l5h26,1210.0,5000.0,4.132231404958677,14.876033057851238
F,l5h27,1219.0,5000.0,4.101722723543888,14.766201804758
F,l5h31,1301.0,5000.0,3.8431975403535743,13.835511145272868
F,l5h36,1318.0,5000.0,3.793626707132018,13.657056145675265
F,l5h39,1328.0,5000.0,3.765060240963856,13.55421686746988
F,l5h42,1331.0,5000.0,3.756574004507889,13.5236664162284
F,l5h43,1341.0,5000.0,3.728560775540642,13.422818791946307
F,l5h55,1395.0,5000.0,3.584229390681004,12.903225806451614
F,l5h62,1415.0,5000.0,3.53356890459364,12.7208480565371
F,l5h63,1413.0,5000.0,3.538570417551309,12.738853503184712
F,l5h68,1444.0,5000.0,3.462603878116344,12.465373961218836
F,l5h70,1461.0,5000.0,3.4223134839151266,12.320328542094456
F,l5h71,1475.0,5000.0,3.389830508474576,12.203389830508474
F,l5h79,1509.0,5000.0,3.313452617627568,11.928429423459246
F,l5h80,1514.0,5000.0,3.3025099075297226,11.889035667107002
F,l5h81,1512.0,5000.0,3.306878306878307,11.904761904761903
F,l5h86,1553.0,5000.0,3.219575016097875,11.590470057952349
F,l5h88,1559.0,5000.0,3.207184092366902,11.545862732520847
F,l5h89,1559.0,5000.0,3.207184092366902,11.545862732520847
F,l5h91,1573.0,5000.0,3.178639542275906,11.443102352193264
F,l5h101,1603.0,5000.0,3.119151590767311,11.22894572676232
F,l5h105,1644.0,5000.0,3.0413625304136254,10.94890510948905
F,l5h108,1654.0,5000.0,3.022974607013301,10.882708585247885
F,l5h110,1654.0,5000.0,3.022974607013301,10.882708585247885
F,l5h112,1662.0,5000.0,3.0084235860409145,10.830324909747292
F,l5h119,1736.0,5000.0,2.880184331797235,10.368663594470044
F,l5h120,1756.0,5000.0,2.847380410022779,10.250569476082005
F,l5h121,1778.0,5000.0,2.81214848143982,10.123734533183352
F,l5h123,1820.0,5000.0,2.747252747252748,9.89010989010989
F,l5h124,1837.0,5000.0,2.721829069134458,9.798584648884049
F,l5h127,1858.0,5000.0,2.6910656620021527,9.68783638320775
F,l5h129,1902.0,5000.0,2.6288117770767614,9.46372239747634
F,l5h134,1991.0,5000.0,2.5113008538422905,9.040683073832248
F,l5h135,1991.0,5000.0,2.5113008538422905,9.040683073832248
F,l5h136,2027.0,5000.0,2.46669955599408,8.880118401578688
F,l5h137,2029.0,5000.0,2.464268112370626,8.871365204534253
F,l5h138,2030.0,5000.0,2.4630541871921183,8.866995073891626
F,l5h139,2025.0,5000.0,2.469135802469136,8.88888888888889
F,l5h140,2056.0,5000.0,2.431906614785992,8.754863813229571
F,l5h144,2183.0,5000.0,2.2904260192395784,8.245533669262482
F,l5h146,2602.0,5000.0,1.9215987701767872,6.917755572636434
M,l30,554.0,3000.0,5.415162454873646,19.494584837545123
M,l31,556.0,3000.0,5.39568345323741,19.42446043165468
M,l32,557.0,3000.0,5.385996409335728,19.389587073608617
M,l33,566.0,3000.0,5.30035335689046,19.08127208480565
M,l34,574.0,3000.0,5.2264808362369335,18.81533101045296
M,l35,575.0,3000.0,5.217391304347826,18.782608695652176
M,l36,577.0,3000.0,5.1993067590987865,18.71750433275563
M,l37,580.0,3000.0,5.172413793103448,18.620689655172413
M,l38,582.0,3000.0,5.154639175257732,18.55670103092784
M,l39,585.0,3000.0,5.128205128205129,18.461538461538463
M,l310,586.0,3000.0,5.119453924914676,18.43003412969283
M,l311,586.0,3000.0,5.119453924914676,18.43003412969283
M,l312,588.0,3000.0,5.1020408163265305,18.367346938775512
M,l313,589.0,3000.0,5.093378607809847,18.33616298811545
M,l314,589.0,3000.0,5.093378607809847,18.33616298811545
M,l315,590.0,3000.0,5.084745762711864,18.30508474576271
M,l316,592.0,3000.0,5.067567567567568,18.24324324324324
M,l317,594.0,3000.0,5.05050505050505,18.18181818181818
M,l318,595.0,3000.0,5.042016806722689,18.15126050420168
M,l319,596.0,3000.0,5.033557046979865,18.12080536912752
M,l320,596.0,3000.0,5.033557046979865,18.12080536912752
M,l321,598.0,3000.0,5.016722408026756,18.06020066889632
M,l322,602.0,3000.0,4.983388704318937,17.940199335548172
M,l323,602.0,3000.0,4.983388704318937,17.940199335548172
M,l324,603.0,3000.0,4.975124378109452,17.91044776119403
M,l325,604.0,3000.0,4.966887417218543,17.880794701986755
M,l326,605.0,3000.0,4.958677685950414,17.85123966942149
M,l327,607.0,3000.0,4.942339373970346,17.792421746293247
M,l328,607.0,3000.0,4.942339373970346,17.792421746293247
M,l329,609.0,3000.0,4.926108374384237,17.733990147783253
M,l330,609.0,3000.0,4.926108374384237,17.733990147783253
M,l331,610.0,3000.0,4.918032786885246,17.704918032786885
M,l332,610.0,3000.0,4.918032786885246,17.704918032786885
M,l333,610.0,3000.0,4.918032786885246,17.704918032786885
M,l334,612.0,3000.0,4.901960784313726,17.647058823529413
M,l335,613.0,3000.0,4.893964110929853,17.61827079934747
M,l336,614.0,3000.0,4.88599348534202,17.58957654723127
M,l337,616.0,3000.0,4.87012987012987,17.53246753246753
M,l338,617.0,3000.0,4.862236628849271,17.504051863857374
M,l339,618.0,3000.0,4.854368932038835,17.475728155339805
M,l340,620.0,3000.0,4.838709677419355,17.41935483870968
M,l341,621.0,3000.0,4.830917874396135,17.39130434782609
M,l342,621.0,3000.0,4.830917874396135,17.39130434782609
M,l344,622.0,3000.0,4.823151125401929,17.363344051446944
M,l345,623.0,3000.0,4.815409309791332,17.335473515248797
M,l346,623.0,3000.0,4.815409309791332,17.335473515248797
M,l347,623.0,3000.0,4.815409309791332,17.335473515248797
M,l348,623.0,3000.0,4.815409309791332,17.335473515248797
M,l349,624.0,3000.0,4.807692307692308,17.30769230769231
M,l350,625.0,3000.0,4.8,17.28
M,l351,626.0,3000.0,4.792332268370607,17.252396166134186
M,l352,627.0,3000.0,4.784688995215311,17.224880382775122
M,l353,627.0,3000.0,4.784688995215311,17.224880382775122
M,l354,628.0,3000.0,4.777070063694268,17.197452229299365
M,l355,628.0,3000.0,4.777070063694268,17.197452229299365
M,l356,628.0,3000.0,4.777070063694268,17.197452229299365
M,l357,631.0,3000.0,4.754358161648177,17.11568938193344
M,l358,632.0,3000.0,4.746835443037975,17.08860759493671
M,l359,632.0,3000.0,4.746835443037975,17.08860759493671
M,l360,634.0,3000.0,4.73186119873817,17.034700315457414
M,l361,635.0,3000.0,4.724409448818897,17.007874015748033
M,l362,635.0,3000.0,4.724409448818897,17.007874015748033
M,l363,636.0,3000.0,4.716981132075472,16.9811320754717
M,l364,636.0,3000.0,4.716981132075472,16.9811320754717
M,l365,636.0,3000.0,4.716981132075472,16.9811320754717
M,l366,638.0,3000.0,4.702194357366771,16.927899686520377
M,l367,639.0,3000.0,4.694835680751174,16.901408450704228
M,l368,642.0,3000.0,4.672897196261682,16.822429906542055
M,l369,643.0,3000.0,4.665629860031104,16.796267496111973
M,l370,644.0,3000.0,4.658385093167702,16.77018633540373
M,l371,644.0,3000.0,4.658385093167702,16.77018633540373
M,l372,645.0,3000.0,4.651162790697675,16.74418604651163
M,l373,647.0,3000.0,4.636785162287481,16.69242658423493
M,l374,648.0,3000.0,4.62962962962963,16.666666666666668
M,l375,648.0,3000.0,4.62962962962963,16.666666666666668
M,l376,649.0,3000.0,4.622496147919877,16.640986132511557
M,l377,650.0,3000.0,4.615384615384615,16.615384615384613
M,l378,650.0,3000.0,4.615384615384615,16.615384615384613
M,l379,651.0,3000.0,4.608294930875576,16.58986175115207
M,l380,651.0,3000.0,4.608294930875576,16.58986175115207
M,l381,652.0,3000.0,4.601226993865031,16.56441717791411
M,l382,652.0,3000.0,4.601226993865031,16.56441717791411
M,l383,653.0,3000.0,4.594180704441041,16.539050535987748
M,l384,655.0,3000.0,4.580152671755725,16.488549618320608
M,l385,656.0,3000.0,4.573170731707317,16.463414634146343
M,l386,657.0,3000.0,4.566210045662101,16.438356164383563
M,l387,658.0,3000.0,4.5592705167173255,16.41337386018237
M,l388,660.0,3000.0,4.545454545454546,16.363636363636367
M,l389,660.0,3000.0,4.545454545454546,16.363636363636367
M,l390,661.0,3000.0,4.53857791225416,16.338880484114977
M,l391,662.0,3000.0,4.531722054380665,16.31419939577039
M,l392,662.0,3000.0,4.531722054380665,16.31419939577039
M,l393,662.0,3000.0,4.531722054380665,16.31419939577039
M,l394,663.0,3000.0,4.524886877828054,16.289592760180994
M,l395,663.0,3000.0,4.524886877828054,16.289592760180994
M,l397,664.0,3000.0,4.518072289156627,16.265060240963855
M,l398,665.0,3000.0,4.511278195488722,16.2406015037594
M,l399,665.0,3000.0,4.511278195488722,16.2406015037594
M,l3100,666.0,3000.0,4.504504504504505,16.216216216216218
M,l3101,667.0,3000.0,4.497751124437781,16.19190404797601
M,l3102,667.0,3000.0,4.497751124437781,16.19190404797601
M,l3103,668.0,3000.0,4.491017964071856,16.167664670658684
M,l3104,668.0,3000.0,4.491017964071856,16.167664670658684
M,l3105,668.0,3000.0,4.491017964071856,16.167664670658684
M,l3106,670.0,3000.0,4.477611940298507,16.119402985074625
M,l3107,670.0,3000.0,4.477611940298507,16.119402985074625
M,l3108,671.0,3000.0,4.470938897168406,16.09538002980626
M,l3109,673.0,3000.0,4.457652303120357,16.047548291233284
M,l3110,674.0,3000.0,4.451038575667655,16.02373887240356
M,l3111,676.0,3000.0,4.437869822485207,15.976331360946746
M,l3112,676.0,3000.0,4.437869822485207,15.976331360946746
M,l3114,676.0,3000.0,4.437869822485207,15.976331360946746
M,l3116,679.0,3000.0,4.418262150220913,15.905743740795288
M,l3117,679.0,3000.0,4.418262150220913,15.905743740795288
M,l3118,680.0,3000.0,4.411764705882353,15.882352941176473
M,l3119,682.0,3000.0,4.39882697947214,15.835777126099703
M,l3120,682.0,3000.0,4.39882697947214,15.835777126099703
M,l3121,683.0,3000.0,4.392386530014641,15.812591508052709
M,l3122,685.0,3000.0,4.37956204379562,15.766423357664232
M,l3123,688.0,3000.0,4.3604651162790695,15.69767441860465
M,l3125,688.0,3000.0,4.3604651162790695,15.69767441860465
M,l3126,689.0,3000.0,4.354136429608127,15.67489114658926
M,l3128,692.0,3000.0,4.335260115606936,15.606936416184972
M,l3129,692.0,3000.0,4.335260115606936,15.606936416184972
M,l3130,692.0,3000.0,4.335260115606936,15.606936416184972
M,l3132,695.0,3000.0,4.316546762589928,15.53956834532374
M,l3133,696.0,3000.0,4.310344827586207,15.517241379310343
M,l3134,697.0,3000.0,4.30416068866571,15.494978479196556
M,l3135,699.0,3000.0,4.291845493562231,15.450643776824034
M,l3136,700.0,3000.0,4.285714285714286,15.428571428571429
M,l3137,701.0,3000.0,4.279600570613409,15.406562054208273
M,l3138,701.0,3000.0,4.279600570613409,15.406562054208273
M,l3139,701.0,3000.0,4.279600570613409,15.406562054208273
M,l3140,702.0,3000.0,4.273504273504273,15.384615384615383
M,l3141,706.0,3000.0,4.2492917847025495,15.29745042492918
M,l3142,707.0,3000.0,4.243281471004243,15.275813295615276
M,l3143,709.0,3000.0,4.231311706629055,15.232722143864596
M,l3144,711.0,3000.0,4.219409282700422,15.18987341772152
M,l3145,711.0,3000.0,4.219409282700422,15.18987341772152
M,l3146,712.0,3000.0,4.213483146067416,15.168539325842698
M,l3147,713.0,3000.0,4.207573632538569,15.147265077138847
M,l3149,713.0,3000.0,4.207573632538569,15.147265077138847
M,l3150,714.0,3000.0,4.201680672268908,15.126050420168069
M,l3153,721.0,3000.0,4.160887656033287,14.979195561719832
M,l3155,726.0,3000.0,4.132231404958677,14.876033057851238
M,l3156,728.0,3000.0,4.12087912087912,14.835164835164832
M,l3157,728.0,3000.0,4.12087912087912,14.835164835164832
M,l3158,730.0,3000.0,4.109589041095891,14.794520547945208
M,l3159,730.0,3000.0,4.109589041095891,14.794520547945208
M,l3160,732.0,3000.0,4.098360655737705,14.754098360655735
M,l3161,733.0,3000.0,4.092769440654843,14.733969986357437
M,l3162,733.0,3000.0,4.092769440654843,14.733969986357437
M,l3164,735.0,3000.0,4.081632653061225,14.693877551020408
M,l3165,735.0,3000.0,4.081632653061225,14.693877551020408
M,l3166,735.0,3000.0,4.081632653061225,14.693877551020408
M,l3168,738.0,3000.0,4.065040650406504,14.634146341463415
M,l3169,739.0,3000.0,4.059539918809202,14.614343707713129
M,l3170,739.0,3000.0,4.059539918809202,14.614343707713129
M,l3172,741.0,3000.0,4.048582995951417,14.5748987854251
M,l3175,744.0,3000.0,4.032258064516129,14.516129032258064
M,l3177,748.0,3000.0,4.010695187165775,14.43850267379679
M,l3179,751.0,3000.0,3.9946737683089215,14.380825565912115
M,l3181,753.0,3000.0,3.98406374501992,14.342629482071716
M,l3183,754.0,3000.0,3.9787798408488064,14.323607427055704
M,l3185,756.0,3000.0,3.968253968253968,14.285714285714286
M,l3186,757.0,3000.0,3.963011889035667,14.2668428005284
M,l3187,758.0,3000.0,3.9577836411609497,14.24802110817942
M,l3188,760.0,3000.0,3.947368421052632,14.210526315789473
M,l3189,763.0,3000.0,3.931847968545216,14.15465268676278
M,l3190,763.0,3000.0,3.931847968545216,14.15465268676278
M,l3191,764.0,3000.0,3.926701570680628,14.13612565445026
M,l3193,768.0,3000.0,3.90625,14.0625
M,l3196,771.0,3000.0,3.891050583657588,14.007782101167315
M,l3198,773.0,3000.0,3.8809831824062098,13.971539456662354
M,l3201,778.0,3000.0,3.8560411311053984,13.881748071979434
M,l3202,780.0,3000.0,3.8461538461538463,13.846153846153843
M,l3204,783.0,3000.0,3.8314176245210727,13.793103448275865
M,l3205,784.0,3000.0,3.826530612244898,13.775510204081632
M,l3206,784.0,3000.0,3.826530612244898,13.775510204081632
M,l3207,784.0,3000.0,3.826530612244898,13.775510204081632
M,l3208,785.0,3000.0,3.821656050955414,13.757961783439493
M,l3209,786.0,3000.0,3.816793893129771,13.740458015267176
M,l3210,787.0,3000.0,3.811944091486658,13.72299872935197
M,l3212,793.0,3000.0,3.7831021437578816,13.619167717528374
M,l3214,795.0,3000.0,3.7735849056603774,13.58490566037736
M,l3215,795.0,3000.0,3.7735849056603774,13.58490566037736
M,l3221,799.0,3000.0,3.7546933667083855,13.516896120150188
M,l3222,804.0,3000.0,3.7313432835820897,13.432835820895525
M,l3223,804.0,3000.0,3.7313432835820897,13.432835820895525
M,l3225,806.0,3000.0,3.7220843672456576,13.399503722084368
M,l3226,806.0,3000.0,3.7220843672456576,13.399503722084368
M,l3231,810.0,3000.0,3.703703703703704,13.333333333333334
M,l3234,812.0,3000.0,3.6945812807881775,13.300492610837438
M,l3235,813.0,3000.0,3.690036900369004,13.284132841328413
M,l3237,816.0,3000.0,3.676470588235294,13.235294117647058
M,l3239,817.0,3000.0,3.6719706242350063,13.219094247246025
M,l3240,819.0,3000.0,3.663003663003663,13.186813186813186
M,l3243,821.0,3000.0,3.654080389768575,13.154689403166868
M,l3246,823.0,3000.0,3.6452004860267313,13.122721749696233
M,l3250,826.0,3000.0,3.6319612590799033,13.075060532687653
M,l3252,828.0,3000.0,3.6231884057971016,13.043478260869566
M,l3253,830.0,3000.0,3.614457831325301,13.012048192771084
M,l3255,832.0,3000.0,3.605769230769231,12.98076923076923
M,l3257,838.0,3000.0,3.579952267303103,12.887828162291171
M,l3258,839.0,3000.0,3.575685339690107,12.872467222884389
M,l3261,841.0,3000.0,3.56718192627824,12.841854934601663
M,l3262,842.0,3000.0,3.5629453681710213,12.826603325415675
M,l3263,842.0,3000.0,3.5629453681710213,12.826603325415675
M,l3264,843.0,3000.0,3.5587188612099645,12.811387900355871
M,l3269,844.0,3000.0,3.5545023696682465,12.796208530805687
M,l3270,846.0,3000.0,3.5460992907801416,12.76595744680851
M,l3271,846.0,3000.0,3.5460992907801416,12.76595744680851
M,l3275,850.0,3000.0,3.5294117647058822,12.705882352941176
M,l3276,851.0,3000.0,3.525264394829612,12.690951821386603
M,l3277,856.0,3000.0,3.504672897196261,12.61682242990654
M,l3279,862.0,3000.0,3.480278422273782,12.529002320185617
M,l3284,865.0,3000.0,3.468208092485549,12.485549132947977
M,l3289,869.0,3000.0,3.4522439585730726,12.42807825086306
M,l3290,869.0,3000.0,3.4522439585730726,12.42807825086306
M,l3291,870.0,3000.0,3.4482758620689653,12.413793103448276
M,l3292,870.0,3000.0,3.4482758620689653,12.413793103448276
M,l3293,871.0,3000.0,3.444316877152698,12.399540757749714
M,l3295,874.0,3000.0,3.432494279176201,12.356979405034323
M,l3297,877.0,3000.0,3.420752565564424,12.314709236031923
M,l3301,881.0,3000.0,3.4052213393870603,12.258796821793418
M,l3303,882.0,3000.0,3.401360544217687,12.244897959183673
M,l3306,884.0,3000.0,3.3936651583710407,12.217194570135748
M,l3309,885.0,3000.0,3.389830508474576,12.203389830508474
M,l3311,889.0,3000.0,3.374578177727784,12.148481439820022
M,l3313,890.0,3000.0,3.3707865168539324,12.134831460674157
M,l3314,892.0,3000.0,3.363228699551569,12.107623318385649
M,l3317,897.0,3000.0,3.3444816053511706,12.040133779264211
M,l3318,901.0,3000.0,3.329633740288568,11.986681465038844
M,l3319,902.0,3000.0,3.3259423503325944,11.97339246119734
M,l3321,903.0,3000.0,3.3222591362126246,11.960132890365449
M,l3325,906.0,3000.0,3.3112582781456954,11.920529801324502
M,l3326,906.0,3000.0,3.3112582781456954,11.920529801324502
M,l3329,909.0,3000.0,3.3003300330033003,11.88118811881188
M,l3330,911.0,3000.0,3.293084522502744,11.85510428100988
M,l3331,912.0,3000.0,3.289473684210526,11.842105263157894
M,l3340,935.0,3000.0,3.2085561497326203,11.550802139037431
M,l3344,947.0,3000.0,3.167898627243928,11.40443505807814
M,l3347,952.0,3000.0,3.1512605042016806,11.344537815126053
M,l3349,958.0,3000.0,3.1315240083507305,11.273486430062633
M,l3350,959.0,3000.0,3.1282586027111576,11.261730969760167
M,l3354,972.0,3000.0,3.08641975308642,11.11111111111111
M,l3356,974.0,3000.0,3.080082135523614,11.088295687885012
M,l3359,978.0,3000.0,3.067484662576687,11.042944785276074
M,l3360,982.0,3000.0,3.054989816700611,10.9979633401222
M,l3362,987.0,3000.0,3.0395136778115504,10.94224924012158
M,l3363,988.0,3000.0,3.0364372469635628,10.931174089068826
M,l3364,989.0,3000.0,3.033367037411527,10.920121334681497
M,l3370,1016.0,3000.0,2.952755905511811,10.62992125984252
M,l3371,1017.0,3000.0,2.949852507374631,10.619469026548671
M,l3372,1026.0,3000.0,2.9239766081871346,10.526315789473683
M,l3376,1030.0,3000.0,2.912621359223301,10.485436893203884
M,l3385,1052.0,3000.0,2.8517110266159698,10.26615969581749
M,l3391,1060.0,3000.0,2.830188679245283,10.188679245283016
M,l3402,1097.0,3000.0,2.7347310847766635,9.845031905195988
M,l3422,1235.0,3000.0,2.42914979757085,8.74493927125506
M,l3426,1299.0,3000.0,2.3094688221709005,8.314087759815243
F,l343,622.0,3000.0,4.823151125401929,17.363344051446944
F,l396,663.0,3000.0,4.524886877828054,16.289592760180994
F,l3113,676.0,3000.0,4.437869822485207,15.976331360946746
F,l3115,677.0,3000.0,4.431314623338257,15.952732644017726
F,l3124,688.0,3000.0,4.3604651162790695,15.69767441860465
F,l3127,691.0,3000.0,4.341534008683068,15.629522431259044
F,l3131,692.0,3000.0,4.335260115606936,15.606936416184972
F,l3148,713.0,3000.0,4.207573632538569,15.147265077138847
F,l3151,717.0,3000.0,4.184100418410042,15.06276150627615
F,l3152,717.0,3000.0,4.184100418410042,15.06276150627615
F,l3154,725.0,3000.0,4.137931034482759,14.89655172413793
F,l3163,734.0,3000.0,4.087193460490464,14.713896457765667
F,l3167,737.0,3000.0,4.07055630936228,14.654002713704209
F,l3171,740.0,3000.0,4.054054054054054,14.594594594594597
F,l3173,742.0,3000.0,4.043126684636119,14.555256064690026
F,l3174,743.0,3000.0,4.037685060565276,14.535666218034994
F,l3176,744.0,3000.0,4.032258064516129,14.516129032258064
F,l3178,749.0,3000.0,4.005340453938585,14.419225634178906
F,l3180,751.0,3000.0,3.9946737683089215,14.380825565912115
F,l3182,754.0,3000.0,3.9787798408488064,14.323607427055704
F,l3184,755.0,3000.0,3.9735099337748334,14.304635761589402
F,l3192,767.0,3000.0,3.911342894393742,14.08083441981747
F,l3194,768.0,3000.0,3.90625,14.0625
F,l3195,771.0,3000.0,3.891050583657588,14.007782101167315
F,l3197,773.0,3000.0,3.8809831824062098,13.971539456662354
F,l3199,774.0,3000.0,3.875968992248062,13.953488372093023
F,l3200,775.0,3000.0,3.870967741935484,13.935483870967742
F,l3203,783.0,3000.0,3.8314176245210727,13.793103448275865
F,l3211,790.0,3000.0,3.79746835443038,13.670886075949369
F,l3213,794.0,3000.0,3.778337531486146,13.602015113350124
F,l3216,796.0,3000.0,3.768844221105528,13.567839195979898
F,l3217,796.0,3000.0,3.768844221105528,13.567839195979898
F,l3218,797.0,3000.0,3.764115432873275,13.550815558343787
F,l3219,799.0,3000.0,3.7546933667083855,13.516896120150188
F,l3220,799.0,3000.0,3.7546933667083855,13.516896120150188
F,l3224,805.0,3000.0,3.7267080745341614,13.41614906832298
F,l3227,806.0,3000.0,3.7220843672456576,13.399503722084368
F,l3228,807.0,3000.0,3.717472118959108,13.382899628252789
F,l3229,808.0,3000.0,3.712871287128713,13.366336633663366
F,l3230,808.0,3000.0,3.712871287128713,13.366336633663366
F,l3232,810.0,3000.0,3.703703703703704,13.333333333333334
F,l3233,811.0,3000.0,3.699136868064119,13.316892725030826
F,l3236,816.0,3000.0,3.676470588235294,13.235294117647058
F,l3238,816.0,3000.0,3.676470588235294,13.235294117647058
F,l3241,819.0,3000.0,3.663003663003663,13.186813186813186
F,l3242,819.0,3000.0,3.663003663003663,13.186813186813186
F,l3244,822.0,3000.0,3.6496350364963503,13.13868613138686
F,l3245,822.0,3000.0,3.6496350364963503,13.13868613138686
F,l3247,824.0,3000.0,3.6407766990291264,13.106796116504857
F,l3248,825.0,3000.0,3.636363636363636,13.09090909090909
F,l3249,825.0,3000.0,3.636363636363636,13.09090909090909
F,l3251,826.0,3000.0,3.6319612590799033,13.075060532687653
F,l3254,832.0,3000.0,3.605769230769231,12.98076923076923
F,l3256,837.0,3000.0,3.584229390681004,12.903225806451614
F,l3259,839.0,3000.0,3.575685339690107,12.872467222884389
F,l3260,841.0,3000.0,3.56718192627824,12.841854934601663
F,l3265,843.0,3000.0,3.5587188612099645,12.811387900355871
F,l3266,844.0,3000.0,3.5545023696682465,12.796208530805687
F,l3267,844.0,3000.0,3.5545023696682465,12.796208530805687
F,l3268,844.0,3000.0,3.5545023696682465,12.796208530805687
F,l3272,848.0,3000.0,3.537735849056604,12.735849056603774
F,l3273,848.0,3000.0,3.537735849056604,12.735849056603774
F,l3274,849.0,3000.0,3.53356890459364,12.7208480565371
F,l3278,857.0,3000.0,3.500583430571762,12.602100350058343
F,l3280,863.0,3000.0,3.4762456546929315,12.514484356894553
F,l3281,863.0,3000.0,3.4762456546929315,12.514484356894553
F,l3282,864.0,3000.0,3.4722222222222223,12.5
F,l3283,864.0,3000.0,3.4722222222222223,12.5
F,l3285,865.0,3000.0,3.468208092485549,12.485549132947977
F,l3286,867.0,3000.0,3.460207612456748,12.456747404844291
F,l3287,867.0,3000.0,3.460207612456748,12.456747404844291
F,l3288,868.0,3000.0,3.456221198156682,12.442396313364055
F,l3294,872.0,3000.0,3.440366972477064,12.385321100917432
F,l3296,877.0,3000.0,3.420752565564424,12.314709236031923
F,l3298,880.0,3000.0,3.409090909090909,12.272727272727272
F,l3299,880.0,3000.0,3.409090909090909,12.272727272727272
F,l3300,881.0,3000.0,3.4052213393870603,12.258796821793418
F,l3302,882.0,3000.0,3.401360544217687,12.244897959183673
F,l3304,883.0,3000.0,3.3975084937712343,12.231030577576442
F,l3305,884.0,3000.0,3.3936651583710407,12.217194570135748
F,l3307,885.0,3000.0,3.389830508474576,12.203389830508474
F,l3308,885.0,3000.0,3.389830508474576,12.203389830508474
F,l3310,888.0,3000.0,3.3783783783783785,12.162162162162163
F,l3312,889.0,3000.0,3.374578177727784,12.148481439820022
F,l3315,892.0,3000.0,3.363228699551569,12.107623318385649
F,l3316,895.0,3000.0,3.35195530726257,12.067039106145252
F,l3320,903.0,3000.0,3.3222591362126246,11.960132890365449
F,l3322,904.0,3000.0,3.31858407079646,11.946902654867255
F,l3323,905.0,3000.0,3.314917127071823,11.933701657458563
F,l3324,905.0,3000.0,3.314917127071823,11.933701657458563
F,l3327,908.0,3000.0,3.303964757709251,11.894273127753303
F,l3328,909.0,3000.0,3.3003300330033003,11.88118811881188
F,l3332,913.0,3000.0,3.285870755750274,11.829134720700983
F,l3333,914.0,3000.0,3.2822757111597376,11.816192560175056
F,l3334,915.0,3000.0,3.278688524590164,11.803278688524587
F,l3335,916.0,3000.0,3.2751091703056767,11.790393013100436
F,l3336,922.0,3000.0,3.2537960954446854,11.713665943600867
F,l3337,926.0,3000.0,3.239740820734341,11.663066954643629
F,l3338,928.0,3000.0,3.2327586206896552,11.63793103448276
F,l3339,935.0,3000.0,3.2085561497326203,11.550802139037431
F,l3341,936.0,3000.0,3.2051282051282053,11.538461538461538
F,l3342,939.0,3000.0,3.194888178913738,11.501597444089455
F,l3343,944.0,3000.0,3.1779661016949152,11.440677966101696
F,l3345,948.0,3000.0,3.1645569620253164,11.392405063291138
F,l3346,949.0,3000.0,3.161222339304531,11.380400421496311
F,l3348,957.0,3000.0,3.134796238244514,11.285266457680253
F,l3351,961.0,3000.0,3.121748178980229,11.238293444328823
F,l3352,963.0,3000.0,3.115264797507788,11.214953271028037
F,l3353,970.0,3000.0,3.09278350515464,11.134020618556702
F,l3355,973.0,3000.0,3.0832476875642345,11.099691675231243
F,l3357,977.0,3000.0,3.070624360286592,11.054247697031728
F,l3358,978.0,3000.0,3.067484662576687,11.042944785276074
F,l3361,986.0,3000.0,3.042596348884381,10.953346855983773
F,l3365,993.0,3000.0,3.0211480362537766,10.876132930513595
F,l3366,1004.0,3000.0,2.98804780876494,10.756972111553784
F,l3367,1005.0,3000.0,2.985074626865672,10.74626865671642
F,l3368,1012.0,3000.0,2.964426877470356,10.67193675889328
F,l3369,1015.0,3000.0,2.955665024630542,10.640394088669952
F,l3373,1027.0,3000.0,2.9211295034079843,10.516066212268743
F,l3374,1029.0,3000.0,2.915451895043732,10.495626822157432
F,l3375,1030.0,3000.0,2.912621359223301,10.485436893203884
F,l3377,1035.0,3000.0,2.898550724637681,10.434782608695652
F,l3378,1035.0,3000.0,2.898550724637681,10.434782608695652
F,l3379,1035.0,3000.0,2.898550724637681,10.434782608695652
F,l3380,1037.0,3000.0,2.892960462873674,10.414657666345226
F,l3381,1046.0,3000.0,2.8680688336520075,10.325047801147228
F,l3382,1047.0,3000.0,2.865329512893983,10.315186246418335
F,l3383,1050.0,3000.0,2.857142857142857,10.285714285714286
F,l3384,1052.0,3000.0,2.8517110266159698,10.26615969581749
F,l3386,1054.0,3000.0,2.846299810246679,10.246679316888043
F,l3387,1054.0,3000.0,2.846299810246679,10.246679316888043
F,l3388,1054.0,3000.0,2.846299810246679,10.246679316888043
F,l3389,1055.0,3000.0,2.843601895734597,10.23696682464455
F,l3390,1057.0,3000.0,2.838221381267739,10.21759697256386
F,l3392,1063.0,3000.0,2.822201317027281,10.159924741298212
F,l3393,1069.0,3000.0,2.8063610851262863,10.102899906454631
F,l3394,1072.0,3000.0,2.798507462686567,10.07462686567164
F,l3395,1073.0,3000.0,2.795899347623485,10.065237651444548
F,l3396,1073.0,3000.0,2.795899347623485,10.065237651444548
F,l3397,1082.0,3000.0,2.7726432532347505,9.9815157116451
F,l3398,1089.0,3000.0,2.7548209366391183,9.917355371900824
F,l3399,1092.0,3000.0,2.747252747252748,9.89010989010989
F,l3400,1093.0,3000.0,2.744739249771272,9.881061299176578
F,l3401,1096.0,3000.0,2.7372262773722627,9.854014598540145
F,l3403,1099.0,3000.0,2.72975432211101,9.827115559599635
F,l3404,1109.0,3000.0,2.705139765554553,9.738503155996392
F,l3405,1130.0,3000.0,2.6548672566371683,9.557522123893806
F,l3406,1140.0,3000.0,2.631578947368421,9.473684210526317
F,l3407,1143.0,3000.0,2.6246719160104988,9.448818897637794
F,l3408,1144.0,3000.0,2.6223776223776225,9.44055944055944
F,l3409,1151.0,3000.0,2.6064291920069507,9.38314509122502
F,l3410,1152.0,3000.0,2.6041666666666665,9.375
F,l3411,1153.0,3000.0,2.6019080659150045,9.366869037294016
F,l3412,1165.0,3000.0,2.575107296137339,9.27038626609442
F,l3413,1175.0,3000.0,2.5531914893617023,9.191489361702128
F,l3414,1177.0,3000.0,2.548853016142736,9.175870858113848
F,l3415,1184.0,3000.0,2.533783783783784,9.12162162162162
F,l3416,1184.0,3000.0,2.533783783783784,9.12162162162162
F,l3417,1196.0,3000.0,2.508361204013378,9.03010033444816
F,l3418,1197.0,3000.0,2.506265664160401,9.022556390977442
F,l3419,1205.0,3000.0,2.489626556016597,8.962655601659751
F,l3420,1211.0,3000.0,2.477291494632535,8.918249380677125
F,l3421,1219.0,3000.0,2.461033634126333,8.859721082854799
F,l3423,1252.0,3000.0,2.396166134185304,8.626198083067093
F,l3424,1257.0,3000.0,2.386634844868735,8.591885441527445
F,l3425,1296.0,3000.0,2.314814814814815,8.333333333333334
F,l3427,1368.0,3000.0,2.192982456140351,7.894736842105264
F,l3428,1403.0,3000.0,2.1382751247327154,7.697790449037776
F,l3429,1432.0,3000.0,2.094972067039106,7.541899441340782
M,mikado,1800.0,5000.0,,
M,mikado,1800.0,5000.0,,
M,mikado,1800.0,5000.0,,
M,gof,1800.0,5000.0,,
M,gof,1800.0,5000.0,,
M,gofra,2580.0,10000.0,,
M,gofra,2460.0,10000.0,,
M,tim,195.0,1000.0,,
M,tim,420.0,2000.0,,
M,tim,660.0,3000.0,,
M,tim,905.0,4000.0,,
M,tim,1185.0,5000.0,,
M,tim,2430.0,10000.0,,
M,tim,5400.0,20000.0,,
M,tim,12300.0,42000.0,,
M,charlotte,12300.0,42000.0,,
F,charlene,12300.0,40000.0,,
F,charlenepa,12300.0,42000.0,,
F,charlenepa,5400.0,20000.0,,
F,charlenepa,2420.0,10000.0,,
F,charlenepa,1185.0,5000.0,,
F,charlenepa,660.0,3000.0,,
F,charlenepa,420.0,2000.0,,
F,charlenepa,195.0,1000.0,,
M,tim,1170.0,5000.0,,
M,tim,1200.0,5000.0,,
M,mikado,720.0,3000.0,,
M,gof,720.0,3000.0,,
M,gof,780.0,3000.0,,
