Gender,Name,Time,Distance
M,l103,2166.0,10000
M,l104,2174.0,10000
M,l105,2177.0,10000
M,l106,2241.0,10000
M,l107,2272.0,10000
M,l108,2297.0,10000
M,l109,2298.0,10000
M,l1010,2308.0,10000
M,l1011,2318.0,10000
M,l1012,2334.0,10000
M,l1013,2342.0,10000
M,l1014,2346.0,10000
M,l1015,2350.0,10000
M,l1016,2356.0,10000
M,l1017,2360.0,10000
M,l1018,2364.0,10000
M,l1019,2369.0,10000
M,l1020,2399.0,10000
M,l1021,2401.0,10000
M,l1022,2428.0,10000
M,l1023,2430.0,10000
M,l1024,2434.0,10000
M,l1025,2438.0,10000
M,l1026,2460.0,10000
M,l1027,2463.0,10000
M,l1028,2493.0,10000
M,l1029,2503.0,10000
M,l1030,2503.0,10000
M,l1031,2524.0,10000
M,l1032,2530.0,10000
M,l1033,2547.0,10000
M,l1034,2548.0,10000
M,l1035,2557.0,10000
M,l1036,2557.0,10000
M,l1037,2560.0,10000
M,l1038,2561.0,10000
M,l1039,2566.0,10000
M,l1040,2569.0,10000
M,l1041,2574.0,10000
M,l1042,2581.0,10000
M,l1043,2584.0,10000
M,l1044,2584.0,10000
M,l1045,2585.0,10000
M,l1046,2603.0,10000
M,l1047,2603.0,10000
M,l1048,2627.0,10000
M,l1049,2631.0,10000
M,l1050,2632.0,10000
M,l1051,2635.0,10000
M,l1052,2645.0,10000
M,l1053,2647.0,10000
M,l1054,2648.0,10000
M,l1055,2653.0,10000
M,l1056,2653.0,10000
M,l1058,2657.0,10000
M,l1059,2680.0,10000
M,l1061,2682.0,10000
M,l1062,2682.0,10000
M,l1063,2683.0,10000
M,l1064,2686.0,10000
M,l1066,2701.0,10000
M,l1069,2717.0,10000
M,l1070,2727.0,10000
M,l1071,2733.0,10000
M,l1072,2740.0,10000
M,l1074,2745.0,10000
M,l1075,2746.0,10000
M,l1076,2746.0,10000
M,l1077,2747.0,10000
M,l1078,2766.0,10000
M,l1079,2771.0,10000
M,l1080,2775.0,10000
M,l1081,2785.0,10000
M,l1082,2795.0,10000
M,l1083,2798.0,10000
M,l1084,2798.0,10000
M,l1085,2810.0,10000
M,l1086,2811.0,10000
M,l1087,2815.0,10000
M,l1088,2826.0,10000
M,l1089,2826.0,10000
M,l1090,2830.0,10000
M,l1091,2843.0,10000
M,l1092,2851.0,10000
M,l1093,2859.0,10000
M,l1094,2868.0,10000
M,l1095,2874.0,10000
M,l1096,2881.0,10000
M,l1097,2895.0,10000
M,l1098,2901.0,10000
M,l1099,2905.0,10000
M,l10101,2908.0,10000
M,l10103,2909.0,10000
M,l10104,2911.0,10000
M,l10105,2912.0,10000
M,l10106,2912.0,10000
M,l10108,2920.0,10000
M,l10109,2925.0,10000
M,l10111,2931.0,10000
M,l10112,2935.0,10000
M,l10113,2939.0,10000
M,l10114,2945.0,10000
M,l10115,2945.0,10000
M,l10116,2947.0,10000
M,l10117,2947.0,10000
M,l10118,2952.0,10000
M,l10119,2959.0,10000
M,l10120,2962.0,10000
M,l10121,2966.0,10000
M,l10122,2975.0,10000
M,l10123,2977.0,10000
M,l10124,2978.0,10000
M,l10125,2983.0,10000
M,l10126,2987.0,10000
M,l10127,2988.0,10000
M,l10129,2994.0,10000
M,l10130,2996.0,10000
M,l10131,2999.0,10000
M,l10132,3001.0,10000
M,l10133,3001.0,10000
M,l10134,3002.0,10000
M,l10135,3008.0,10000
M,l10136,3016.0,10000
M,l10137,3021.0,10000
M,l10138,3026.0,10000
M,l10139,3030.0,10000
M,l10140,3030.0,10000
M,l10141,3032.0,10000
M,l10142,3047.0,10000
M,l10143,3049.0,10000
M,l10144,3049.0,10000
M,l10145,3052.0,10000
M,l10148,3070.0,10000
M,l10149,3071.0,10000
M,l10151,3078.0,10000
M,l10153,3087.0,10000
M,l10154,3088.0,10000
M,l10156,3095.0,10000
M,l10157,3096.0,10000
M,l10160,3112.0,10000
M,l10161,3112.0,10000
M,l10162,3113.0,10000
M,l10163,3119.0,10000
M,l10164,3125.0,10000
M,l10166,3128.0,10000
M,l10167,3129.0,10000
M,l10168,3129.0,10000
M,l10170,3137.0,10000
M,l10171,3139.0,10000
M,l10172,3141.0,10000
M,l10173,3145.0,10000
M,l10174,3149.0,10000
M,l10175,3152.0,10000
M,l10176,3152.0,10000
M,l10177,3159.0,10000
M,l10179,3175.0,10000
M,l10180,3183.0,10000
M,l10181,3188.0,10000
M,l10183,3191.0,10000
M,l10184,3191.0,10000
M,l10185,3200.0,10000
M,l10187,3201.0,10000
M,l10188,3202.0,10000
M,l10189,3210.0,10000
M,l10191,3215.0,10000
M,l10192,3215.0,10000
M,l10194,3229.0,10000
M,l10195,3229.0,10000
M,l10196,3238.0,10000
M,l10199,3253.0,10000
M,l10200,3263.0,10000
M,l10201,3263.0,10000
M,l10202,3264.0,10000
M,l10203,3278.0,10000
M,l10204,3280.0,10000
M,l10205,3282.0,10000
M,l10207,3284.0,10000
M,l10208,3307.0,10000
M,l10209,3308.0,10000
M,l10210,3311.0,10000
M,l10214,3324.0,10000
M,l10216,3330.0,10000
M,l10217,3330.0,10000
M,l10219,3333.0,10000
M,l10221,3334.0,10000
M,l10222,3338.0,10000
M,l10223,3338.0,10000
M,l10226,3359.0,10000
M,l10227,3364.0,10000
M,l10228,3369.0,10000
M,l10229,3371.0,10000
M,l10231,3374.0,10000
M,l10233,3379.0,10000
M,l10236,3386.0,10000
M,l10237,3387.0,10000
M,l10238,3392.0,10000
M,l10239,3392.0,10000
M,l10240,3392.0,10000
M,l10241,3394.0,10000
M,l10243,3398.0,10000
M,l10244,3398.0,10000
M,l10245,3398.0,10000
M,l10247,3415.0,10000
M,l10248,3428.0,10000
M,l10249,3429.0,10000
M,l10250,3432.0,10000
M,l10254,3448.0,10000
M,l10255,3462.0,10000
M,l10258,3470.0,10000
M,l10259,3479.0,10000
M,l10260,3481.0,10000
M,l10261,3483.0,10000
M,l10262,3484.0,10000
M,l10264,3486.0,10000
M,l10265,3498.0,10000
M,l10266,3500.0,10000
M,l10267,3504.0,10000
M,l10268,3507.0,10000
M,l10271,3528.0,10000
M,l10272,3528.0,10000
M,l10273,3559.0,10000
M,l10274,3564.0,10000
M,l10277,3587.0,10000
M,l10278,3596.0,10000
M,l10280,3597.0,10000
M,l10281,3627.0,10000
M,l10284,3644.0,10000
M,l10285,3651.0,10000
M,l10287,3677.0,10000
M,l10288,3678.0,10000
M,l10289,3679.0,10000
M,l10290,3679.0,10000
M,l10291,3687.0,10000
M,l10294,3718.0,10000
M,l10296,3735.0,10000
M,l10301,3763.0,10000
M,l10302,3766.0,10000
M,l10304,3779.0,10000
M,l10307,3793.0,10000
M,l10310,3834.0,10000
M,l10312,3876.0,10000
M,l10313,3899.0,10000
M,l10314,3923.0,10000
M,l10315,3925.0,10000
M,l10316,3936.0,10000
M,l10319,3940.0,10000
M,l10322,3968.0,10000
M,l10323,3973.0,10000
M,l10324,3974.0,10000
M,l10325,3974.0,10000
M,l10327,3987.0,10000
M,l10328,3988.0,10000
M,l10333,4014.0,10000
M,l10335,4020.0,10000
M,l10336,4021.0,10000
M,l10340,4042.0,10000
M,l10341,4056.0,10000
M,l10342,4058.0,10000
M,l10344,4067.0,10000
M,l10345,4070.0,10000
M,l10348,4129.0,10000
M,l10349,4139.0,10000
M,l10355,4395.0,10000
M,l10358,4469.0,10000
M,l10359,4501.0,10000
M,l10360,4658.0,10000
M,l10362,4949.0,10000
M,l10363,4983.0,10000
F,l1057,2654.0,10000
F,l1060,2681.0,10000
F,l1065,2691.0,10000
F,l1067,2714.0,10000
F,l1068,2714.0,10000
F,l1073,2740.0,10000
F,l10100,2907.0,10000
F,l10102,2909.0,10000
F,l10107,2918.0,10000
F,l10110,2926.0,10000
F,l10128,2990.0,10000
F,l10146,3056.0,10000
F,l10147,3065.0,10000
F,l10150,3078.0,10000
F,l10152,3080.0,10000
F,l10155,3088.0,10000
F,l10158,3105.0,10000
F,l10159,3107.0,10000
F,l10165,3126.0,10000
F,l10169,3131.0,10000
F,l10178,3161.0,10000
F,l10182,3188.0,10000
F,l10186,3200.0,10000
F,l10190,3215.0,10000
F,l10193,3216.0,10000
F,l10197,3246.0,10000
F,l10198,3247.0,10000
F,l10206,3284.0,10000
F,l10211,3312.0,10000
F,l10212,3315.0,10000
F,l10213,3317.0,10000
F,l10215,3325.0,10000
F,l10218,3332.0,10000
F,l10220,3334.0,10000
F,l10224,3350.0,10000
F,l10225,3351.0,10000
F,l10230,3372.0,10000
F,l10232,3376.0,10000
F,l10234,3380.0,10000
F,l10235,3386.0,10000
F,l10242,3394.0,10000
F,l10246,3399.0,10000
F,l10251,3437.0,10000
F,l10252,3442.0,10000
F,l10253,3448.0,10000
F,l10256,3462.0,10000
F,l10257,3464.0,10000
F,l10263,3485.0,10000
F,l10269,3514.0,10000
F,l10270,3516.0,10000
F,l10275,3582.0,10000
F,l10276,3587.0,10000
F,l10279,3597.0,10000
F,l10282,3631.0,10000
F,l10283,3644.0,10000
F,l10286,3654.0,10000
F,l10292,3689.0,10000
F,l10293,3690.0,10000
F,l10295,3733.0,10000
F,l10297,3740.0,10000
F,l10298,3741.0,10000
F,l10299,3744.0,10000
F,l10300,3753.0,10000
F,l10303,3777.0,10000
F,l10305,3781.0,10000
F,l10306,3791.0,10000
F,l10308,3807.0,10000
F,l10309,3821.0,10000
F,l10311,3836.0,10000
F,l10317,3938.0,10000
F,l10318,3938.0,10000
F,l10320,3947.0,10000
F,l10321,3955.0,10000
F,l10326,3985.0,10000
F,l10329,3992.0,10000
F,l10330,3995.0,10000
F,l10331,4000.0,10000
F,l10332,4010.0,10000
F,l10334,4020.0,10000
F,l10337,4028.0,10000
F,l10338,4032.0,10000
F,l10339,4034.0,10000
F,l10343,4060.0,10000
F,l10346,4077.0,10000
F,l10347,4079.0,10000
F,l10350,4220.0,10000
F,l10351,4253.0,10000
F,l10352,4253.0,10000
F,l10353,4342.0,10000
F,l10354,4360.0,10000
F,l10356,4414.0,10000
F,l10357,4424.0,10000
F,l10361,4667.0,10000
F,l10364,5414.0,10000
F,l10365,5660.0,10000
M,l210,4477.0,21000
M,l211,4627.0,21000
M,l212,4676.0,21000
M,l213,4747.0,21000
M,l214,4796.0,21000
M,l215,4808.0,21000
M,l216,4885.0,21000
M,l217,4948.0,21000
M,l218,4966.0,21000
M,l219,5066.0,21000
M,l2110,5084.0,21000
M,l2111,5139.0,21000
M,l2112,5187.0,21000
M,l2113,5200.0,21000
M,l2114,5232.0,21000
M,l2115,5285.0,21000
M,l2116,5312.0,21000
M,l2117,5331.0,21000
M,l2118,5341.0,21000
M,l2119,5377.0,21000
M,l2120,5379.0,21000
M,l2121,5397.0,21000
M,l2122,5404.0,21000
M,l2123,5419.0,21000
M,l2124,5432.0,21000
M,l2125,5439.0,21000
M,l2127,5476.0,21000
M,l2128,5482.0,21000
M,l2129,5484.0,21000
M,l2130,5492.0,21000
M,l2131,5496.0,21000
M,l2132,5517.0,21000
M,l2133,5527.0,21000
M,l2134,5529.0,21000
M,l2135,5541.0,21000
M,l2136,5563.0,21000
M,l2137,5567.0,21000
M,l2138,5587.0,21000
M,l2139,5614.0,21000
M,l2140,5615.0,21000
M,l2141,5616.0,21000
M,l2142,5632.0,21000
M,l2143,5642.0,21000
M,l2144,5647.0,21000
M,l2145,5686.0,21000
M,l2146,5703.0,21000
M,l2147,5704.0,21000
M,l2148,5711.0,21000
M,l2149,5712.0,21000
M,l2150,5748.0,21000
M,l2151,5753.0,21000
M,l2152,5760.0,21000
M,l2154,5777.0,21000
M,l2156,5812.0,21000
M,l2159,5846.0,21000
M,l2160,5879.0,21000
M,l2162,5907.0,21000
M,l2164,5940.0,21000
M,l2165,5970.0,21000
M,l2166,5971.0,21000
M,l2167,5975.0,21000
M,l2169,5984.0,21000
M,l2170,5988.0,21000
M,l2172,6049.0,21000
M,l2173,6060.0,21000
M,l2174,6061.0,21000
M,l2175,6073.0,21000
M,l2176,6078.0,21000
M,l2177,6080.0,21000
M,l2181,6129.0,21000
M,l2182,6186.0,21000
M,l2184,6204.0,21000
M,l2186,6233.0,21000
M,l2187,6240.0,21000
M,l2188,6242.0,21000
M,l2191,6268.0,21000
M,l2192,6276.0,21000
M,l2193,6277.0,21000
M,l2194,6296.0,21000
M,l2195,6298.0,21000
M,l2196,6307.0,21000
M,l2197,6309.0,21000
M,l2198,6313.0,21000
M,l2199,6317.0,21000
M,l21103,6333.0,21000
M,l21105,6338.0,21000
M,l21106,6349.0,21000
M,l21107,6354.0,21000
M,l21108,6360.0,21000
M,l21109,6392.0,21000
M,l21110,6433.0,21000
M,l21112,6462.0,21000
M,l21113,6475.0,21000
M,l21114,6483.0,21000
M,l21116,6497.0,21000
M,l21117,6514.0,21000
M,l21119,6547.0,21000
M,l21120,6569.0,21000
M,l21121,6587.0,21000
M,l21122,6588.0,21000
M,l21123,6591.0,21000
M,l21124,6592.0,21000
M,l21126,6612.0,21000
M,l21127,6618.0,21000
M,l21128,6619.0,21000
M,l21129,6622.0,21000
M,l21131,6627.0,21000
M,l21133,6642.0,21000
M,l21134,6649.0,21000
M,l21136,6654.0,21000
M,l21137,6656.0,21000
M,l21138,6676.0,21000
M,l21139,6678.0,21000
M,l21140,6684.0,21000
M,l21142,6722.0,21000
M,l21143,6727.0,21000
M,l21144,6730.0,21000
M,l21145,6730.0,21000
M,l21147,6759.0,21000
M,l21148,6790.0,21000
M,l21149,6801.0,21000
M,l21150,6802.0,21000
M,l21151,6812.0,21000
M,l21152,6812.0,21000
M,l21153,6816.0,21000
M,l21154,6822.0,21000
M,l21156,6844.0,21000
M,l21157,6855.0,21000
M,l21158,6856.0,21000
M,l21163,6902.0,21000
M,l21164,6907.0,21000
M,l21165,6922.0,21000
M,l21168,6948.0,21000
M,l21170,6950.0,21000
M,l21173,6960.0,21000
M,l21174,6960.0,21000
M,l21178,6972.0,21000
M,l21182,7007.0,21000
M,l21185,7040.0,21000
M,l21186,7043.0,21000
M,l21187,7043.0,21000
M,l21188,7061.0,21000
M,l21190,7066.0,21000
M,l21194,7111.0,21000
M,l21195,7112.0,21000
M,l21198,7146.0,21000
M,l21199,7152.0,21000
M,l21200,7163.0,21000
M,l21203,7215.0,21000
M,l21205,7222.0,21000
M,l21207,7237.0,21000
M,l21211,7279.0,21000
M,l21213,7286.0,21000
M,l21215,7296.0,21000
M,l21216,7305.0,21000
M,l21217,7309.0,21000
M,l21221,7358.0,21000
M,l21222,7372.0,21000
M,l21223,7372.0,21000
M,l21230,7482.0,21000
M,l21233,7501.0,21000
M,l21234,7502.0,21000
M,l21236,7505.0,21000
M,l21237,7520.0,21000
M,l21241,7552.0,21000
M,l21245,7588.0,21000
M,l21246,7592.0,21000
M,l21248,7601.0,21000
M,l21251,7632.0,21000
M,l21252,7664.0,21000
M,l21257,7700.0,21000
M,l21258,7750.0,21000
M,l21263,7786.0,21000
M,l21267,7797.0,21000
M,l21272,7844.0,21000
M,l21274,7879.0,21000
M,l21277,7932.0,21000
M,l21278,7934.0,21000
M,l21284,8011.0,21000
M,l21286,8028.0,21000
M,l21292,8077.0,21000
M,l21295,8117.0,21000
M,l21298,8137.0,21000
M,l21301,8171.0,21000
M,l21304,8198.0,21000
M,l21306,8241.0,21000
M,l21311,8289.0,21000
M,l21313,8293.0,21000
M,l21316,8302.0,21000
M,l21321,8343.0,21000
M,l21322,8344.0,21000
M,l21324,8395.0,21000
M,l21325,8396.0,21000
M,l21331,8705.0,21000
M,l21332,8726.0,21000
M,l21333,8728.0,21000
M,l21334,8744.0,21000
M,l21337,8823.0,21000
M,l21346,9107.0,21000
M,l21348,9157.0,21000
M,l21351,9216.0,21000
M,l21352,9239.0,21000
M,l21353,9242.0,21000
M,l21360,9561.0,21000
M,l21362,9588.0,21000
M,l21368,12149.0,21000
M,l21375,7847.0,21000
F,l2153,5764.0,21000
F,l2155,5808.0,21000
F,l2157,5817.0,21000
F,l2158,5820.0,21000
F,l2161,5902.0,21000
F,l2163,5937.0,21000
F,l2168,5981.0,21000
F,l2171,6027.0,21000
F,l2178,6086.0,21000
F,l2179,6093.0,21000
F,l2180,6114.0,21000
F,l2183,6190.0,21000
F,l2185,6205.0,21000
F,l2189,6248.0,21000
F,l2190,6253.0,21000
F,l21100,6319.0,21000
F,l21101,6325.0,21000
F,l21102,6332.0,21000
F,l21104,6338.0,21000
F,l21111,6442.0,21000
F,l21115,6491.0,21000
F,l21118,6529.0,21000
F,l21125,6592.0,21000
F,l21130,6623.0,21000
F,l21132,6629.0,21000
F,l21135,6652.0,21000
F,l21141,6687.0,21000
F,l21146,6732.0,21000
F,l21155,6838.0,21000
F,l21159,6859.0,21000
F,l21160,6860.0,21000
F,l21161,6863.0,21000
F,l21162,6891.0,21000
F,l21166,6924.0,21000
F,l21167,6924.0,21000
F,l21169,6950.0,21000
F,l21171,6952.0,21000
F,l21172,6957.0,21000
F,l21175,6961.0,21000
F,l21176,6962.0,21000
F,l21177,6972.0,21000
F,l21179,6980.0,21000
F,l21180,6987.0,21000
F,l21181,7001.0,21000
F,l21183,7022.0,21000
F,l21184,7038.0,21000
F,l21189,7063.0,21000
F,l21191,7075.0,21000
F,l21192,7107.0,21000
F,l21193,7111.0,21000
F,l21196,7126.0,21000
F,l21197,7143.0,21000
F,l21201,7179.0,21000
F,l21202,7194.0,21000
F,l21204,7219.0,21000
F,l21206,7226.0,21000
F,l21208,7253.0,21000
F,l21209,7269.0,21000
F,l21210,7276.0,21000
F,l21212,7279.0,21000
F,l21214,7291.0,21000
F,l21218,7324.0,21000
F,l21219,7324.0,21000
F,l21220,7330.0,21000
F,l21224,7386.0,21000
F,l21225,7422.0,21000
F,l21226,7422.0,21000
F,l21227,7423.0,21000
F,l21228,7439.0,21000
F,l21229,7456.0,21000
F,l21231,7488.0,21000
F,l21232,7496.0,21000
F,l21235,7504.0,21000
F,l21238,7521.0,21000
F,l21239,7544.0,21000
F,l21240,7550.0,21000
F,l21242,7563.0,21000
F,l21243,7570.0,21000
F,l21244,7575.0,21000
F,l21247,7597.0,21000
F,l21249,7623.0,21000
F,l21250,7623.0,21000
F,l21253,7669.0,21000
F,l21254,7674.0,21000
F,l21255,7689.0,21000
F,l21256,7699.0,21000
F,l21259,7751.0,21000
F,l21260,7760.0,21000
F,l21261,7773.0,21000
F,l21262,7776.0,21000
F,l21264,7787.0,21000
F,l21265,7789.0,21000
F,l21266,7793.0,21000
F,l21268,7813.0,21000
F,l21269,7823.0,21000
F,l21270,7828.0,21000
F,l21271,7842.0,21000
F,l21273,7867.0,21000
F,l21275,7886.0,21000
F,l21276,7929.0,21000
F,l21279,7954.0,21000
F,l21280,7955.0,21000
F,l21281,7960.0,21000
F,l21282,7975.0,21000
F,l21283,7976.0,21000
F,l21285,8011.0,21000
F,l21287,8029.0,21000
F,l21288,8032.0,21000
F,l21289,8040.0,21000
F,l21290,8052.0,21000
F,l21291,8065.0,21000
F,l21293,8089.0,21000
F,l21294,8116.0,21000
F,l21296,8117.0,21000
F,l21297,8137.0,21000
F,l21299,8145.0,21000
F,l21300,8157.0,21000
F,l21302,8172.0,21000
F,l21303,8197.0,21000
F,l21305,8213.0,21000
F,l21307,8246.0,21000
F,l21308,8251.0,21000
F,l21309,8284.0,21000
F,l21310,8288.0,21000
F,l21312,8290.0,21000
F,l21314,8293.0,21000
F,l21315,8294.0,21000
F,l21317,8304.0,21000
F,l21318,8319.0,21000
F,l21319,8329.0,21000
F,l21320,8343.0,21000
F,l21323,8375.0,21000
F,l21326,8406.0,21000
F,l21327,8447.0,21000
F,l21328,8455.0,21000
F,l21329,8520.0,21000
F,l21330,8578.0,21000
F,l21335,8765.0,21000
F,l21336,8814.0,21000
F,l21338,8889.0,21000
F,l21339,8933.0,21000
F,l21340,8993.0,21000
F,l21341,8994.0,21000
F,l21342,9033.0,21000
F,l21343,9033.0,21000
F,l21344,9038.0,21000
F,l21345,9057.0,21000
F,l21347,9108.0,21000
F,l21349,9157.0,21000
F,l21350,9170.0,21000
F,l21354,9242.0,21000
F,l21355,9242.0,21000
F,l21356,9327.0,21000
F,l21357,9418.0,21000
F,l21358,9455.0,21000
F,l21359,9463.0,21000
F,l21361,9580.0,21000
F,l21363,9589.0,21000
F,l21364,10240.0,21000
F,l21365,10347.0,21000
F,l21366,10347.0,21000
F,l21367,10466.0,21000
F,l21373,5709.0,21000
M,l421,10062.0,42000
M,l422,11041.0,42000
M,l423,11261.0,42000
M,l424,11626.0,42000
M,l425,11697.0,42000
M,l426,11698.0,42000
M,l427,11789.0,42000
M,l428,11814.0,42000
M,l429,11941.0,42000
M,l4210,11994.0,42000
M,l4211,12051.0,42000
M,l4212,12117.0,42000
M,l4213,12195.0,42000
M,l4214,12277.0,42000
M,l4215,12290.0,42000
M,l4216,12396.0,42000
M,l4217,12430.0,42000
M,l4218,12499.0,42000
M,l4219,12559.0,42000
M,l4220,12617.0,42000
M,l4221,12694.0,42000
M,l4222,12708.0,42000
M,l4223,12724.0,42000
M,l4224,12821.0,42000
M,l4225,12903.0,42000
M,l4226,13020.0,42000
M,l4228,13071.0,42000
M,l4229,13098.0,42000
M,l4230,13110.0,42000
M,l4231,13189.0,42000
M,l4232,13369.0,42000
M,l4233,13373.0,42000
M,l4234,13439.0,42000
M,l4235,13464.0,42000
M,l4236,13587.0,42000
M,l4237,13605.0,42000
M,l4238,13646.0,42000
M,l4239,13690.0,42000
M,l4240,13871.0,42000
M,l4242,13880.0,42000
M,l4243,13979.0,42000
M,l4244,13981.0,42000
M,l4245,14074.0,42000
M,l4246,14080.0,42000
M,l4247,14081.0,42000
M,l4248,14220.0,42000
M,l4249,14242.0,42000
M,l4250,14268.0,42000
M,l4252,14393.0,42000
M,l4253,14495.0,42000
M,l4254,14813.0,42000
M,l4255,14935.0,42000
M,l4256,15111.0,42000
M,l4257,15112.0,42000
M,l4258,15247.0,42000
M,l4259,15314.0,42000
M,l4261,15433.0,42000
M,l4262,15522.0,42000
M,l4266,15649.0,42000
M,l4267,15675.0,42000
M,l4269,15759.0,42000
M,l4270,15774.0,42000
M,l4271,15809.0,42000
M,l4272,15891.0,42000
M,l4273,16030.0,42000
M,l4274,16033.0,42000
M,l4275,16058.0,42000
M,l4276,16064.0,42000
M,l4277,16104.0,42000
M,l4280,16223.0,42000
M,l4281,16223.0,42000
M,l4284,16486.0,42000
M,l4288,16748.0,42000
M,l4290,17042.0,42000
M,l4292,17111.0,42000
M,l4293,17126.0,42000
M,l4294,17250.0,42000
M,l4295,17495.0,42000
M,l4298,17754.0,42000
M,l4299,18021.0,42000
M,l42101,18235.0,42000
M,l42102,18324.0,42000
M,l42103,18565.0,42000
M,l42104,18790.0,42000
M,l42106,18867.0,42000
M,l42107,18985.0,42000
M,l42109,19531.0,42000
M,l42111,19704.0,42000
M,l42112,19895.0,42000
M,l42115,11414.0,42000
M,l42116,9465.0,42000
M,l42127,12596.0,42000
F,l4241,13879.0,42000
F,l4251,14367.0,42000
F,l4260,15314.0,42000
F,l4263,15554.0,42000
F,l4264,15614.0,42000
F,l4265,15636.0,42000
F,l4268,15680.0,42000
F,l4278,16124.0,42000
F,l4279,16204.0,42000
F,l4282,16258.0,42000
F,l4283,16444.0,42000
F,l4285,16542.0,42000
F,l4286,16636.0,42000
F,l4287,16686.0,42000
F,l4289,16977.0,42000
F,l4291,17048.0,42000
F,l4296,17650.0,42000
F,l4297,17737.0,42000
F,l42100,18039.0,42000
F,l42105,18792.0,42000
F,l42108,19444.0,42000
F,l42110,19663.0,42000
F,l42113,19909.0,42000
F,l42114,20006.0,42000
M,l5h0,932.0,5000
M,l5h1,944.0,5000
M,l5h2,995.0,5000
M,l5h3,1004.0,5000
M,l5h4,1056.0,5000
M,l5h5,1063.0,5000
M,l5h6,1068.0,5000
M,l5h7,1070.0,5000
M,l5h8,1091.0,5000
M,l5h9,1086.0,5000
M,l5h11,1122.0,5000
M,l5h12,1130.0,5000
M,l5h13,1136.0,5000
M,l5h14,1138.0,5000
M,l5h15,1138.0,5000
M,l5h16,1153.0,5000
M,l5h18,1179.0,5000
M,l5h19,1177.0,5000
M,l5h20,1187.0,5000
M,l5h21,1190.0,5000
M,l5h22,1196.0,5000
M,l5h23,1197.0,5000
M,l5h24,1202.0,5000
M,l5h25,1209.0,5000
M,l5h28,1223.0,5000
M,l5h29,1233.0,5000
M,l5h30,1241.0,5000
M,l5h32,1303.0,5000
M,l5h33,1312.0,5000
M,l5h34,1309.0,5000
M,l5h35,1316.0,5000
M,l5h37,1330.0,5000
M,l5h38,1327.0,5000
M,l5h40,1330.0,5000
M,l5h41,1322.0,5000
M,l5h44,1342.0,5000
M,l5h45,1352.0,5000
M,l5h46,1354.0,5000
M,l5h47,1360.0,5000
M,l5h48,1353.0,5000
M,l5h49,1362.0,5000
M,l5h50,1368.0,5000
M,l5h51,1371.0,5000
M,l5h52,1376.0,5000
M,l5h53,1376.0,5000
M,l5h54,1380.0,5000
M,l5h56,1392.0,5000
M,l5h57,1401.0,5000
M,l5h58,1394.0,5000
M,l5h59,1403.0,5000
M,l5h60,1405.0,5000
M,l5h61,1415.0,5000
M,l5h64,1433.0,5000
M,l5h65,1429.0,5000
M,l5h66,1437.0,5000
M,l5h67,1445.0,5000
M,l5h69,1449.0,5000
M,l5h72,1472.0,5000
M,l5h73,1471.0,5000
M,l5h75,1486.0,5000
M,l5h76,1499.0,5000
M,l5h77,1493.0,5000
M,l5h78,1501.0,5000
M,l5h82,1512.0,5000
M,l5h83,1530.0,5000
M,l5h84,1525.0,5000
M,l5h85,1530.0,5000
M,l5h87,1556.0,5000
M,l5h90,1560.0,5000
M,l5h92,1570.0,5000
M,l5h93,1577.0,5000
M,l5h94,1577.0,5000
M,l5h95,1579.0,5000
M,l5h96,1577.0,5000
M,l5h97,1576.0,5000
M,l5h98,1592.0,5000
M,l5h99,1591.0,5000
M,l5h100,1590.0,5000
M,l5h102,1611.0,5000
M,l5h103,1605.0,5000
M,l5h104,1618.0,5000
M,l5h106,1644.0,5000
M,l5h107,1646.0,5000
M,l5h109,1654.0,5000
M,l5h111,1658.0,5000
M,l5h113,1664.0,5000
M,l5h114,1674.0,5000
M,l5h115,1697.0,5000
M,l5h116,1714.0,5000
M,l5h117,1720.0,5000
M,l5h118,1724.0,5000
M,l5h122,1782.0,5000
M,l5h125,1849.0,5000
M,l5h126,1851.0,5000
M,l5h128,1876.0,5000
M,l5h130,1903.0,5000
M,l5h131,1905.0,5000
M,l5h132,1989.0,5000
M,l5h133,1983.0,5000
M,l5h141,2057.0,5000
M,l5h142,2059.0,5000
M,l5h143,2158.0,5000
M,l5h145,2260.0,5000
F,l5h10,1114.0,5000
F,l5h17,1169.0,5000
F,l5h26,1210.0,5000
F,l5h27,1219.0,5000
F,l5h31,1301.0,5000
F,l5h36,1318.0,5000
F,l5h39,1328.0,5000
F,l5h42,1331.0,5000
F,l5h43,1341.0,5000
F,l5h55,1395.0,5000
F,l5h62,1415.0,5000
F,l5h63,1413.0,5000
F,l5h68,1444.0,5000
F,l5h70,1461.0,5000
F,l5h71,1475.0,5000
F,l5h79,1509.0,5000
F,l5h80,1514.0,5000
F,l5h81,1512.0,5000
F,l5h86,1553.0,5000
F,l5h88,1559.0,5000
F,l5h89,1559.0,5000
F,l5h91,1573.0,5000
F,l5h101,1603.0,5000
F,l5h105,1644.0,5000
F,l5h108,1654.0,5000
F,l5h110,1654.0,5000
F,l5h112,1662.0,5000
F,l5h119,1736.0,5000
F,l5h120,1756.0,5000
F,l5h121,1778.0,5000
F,l5h123,1820.0,5000
F,l5h124,1837.0,5000
F,l5h127,1858.0,5000
F,l5h129,1902.0,5000
F,l5h134,1991.0,5000
F,l5h135,1991.0,5000
F,l5h136,2027.0,5000
F,l5h137,2029.0,5000
F,l5h138,2030.0,5000
F,l5h139,2025.0,5000
F,l5h140,2056.0,5000
F,l5h144,2183.0,5000
F,l5h146,2602.0,5000
M,l30,554.0,3000
M,l31,556.0,3000
M,l32,557.0,3000
M,l33,566.0,3000
M,l34,574.0,3000
M,l35,575.0,3000
M,l36,577.0,3000
M,l37,580.0,3000
M,l38,582.0,3000
M,l39,585.0,3000
M,l310,586.0,3000
M,l311,586.0,3000
M,l312,588.0,3000
M,l313,589.0,3000
M,l314,589.0,3000
M,l315,590.0,3000
M,l316,592.0,3000
M,l317,594.0,3000
M,l318,595.0,3000
M,l319,596.0,3000
M,l320,596.0,3000
M,l321,598.0,3000
M,l322,602.0,3000
M,l323,602.0,3000
M,l324,603.0,3000
M,l325,604.0,3000
M,l326,605.0,3000
M,l327,607.0,3000
M,l328,607.0,3000
M,l329,609.0,3000
M,l330,609.0,3000
M,l331,610.0,3000
M,l332,610.0,3000
M,l333,610.0,3000
M,l334,612.0,3000
M,l335,613.0,3000
M,l336,614.0,3000
M,l337,616.0,3000
M,l338,617.0,3000
M,l339,618.0,3000
M,l340,620.0,3000
M,l341,621.0,3000
M,l342,621.0,3000
M,l344,622.0,3000
M,l345,623.0,3000
M,l346,623.0,3000
M,l347,623.0,3000
M,l348,623.0,3000
M,l349,624.0,3000
M,l350,625.0,3000
M,l351,626.0,3000
M,l352,627.0,3000
M,l353,627.0,3000
M,l354,628.0,3000
M,l355,628.0,3000
M,l356,628.0,3000
M,l357,631.0,3000
M,l358,632.0,3000
M,l359,632.0,3000
M,l360,634.0,3000
M,l361,635.0,3000
M,l362,635.0,3000
M,l363,636.0,3000
M,l364,636.0,3000
M,l365,636.0,3000
M,l366,638.0,3000
M,l367,639.0,3000
M,l368,642.0,3000
M,l369,643.0,3000
M,l370,644.0,3000
M,l371,644.0,3000
M,l372,645.0,3000
M,l373,647.0,3000
M,l374,648.0,3000
M,l375,648.0,3000
M,l376,649.0,3000
M,l377,650.0,3000
M,l378,650.0,3000
M,l379,651.0,3000
M,l380,651.0,3000
M,l381,652.0,3000
M,l382,652.0,3000
M,l383,653.0,3000
M,l384,655.0,3000
M,l385,656.0,3000
M,l386,657.0,3000
M,l387,658.0,3000
M,l388,660.0,3000
M,l389,660.0,3000
M,l390,661.0,3000
M,l391,662.0,3000
M,l392,662.0,3000
M,l393,662.0,3000
M,l394,663.0,3000
M,l395,663.0,3000
M,l397,664.0,3000
M,l398,665.0,3000
M,l399,665.0,3000
M,l3100,666.0,3000
M,l3101,667.0,3000
M,l3102,667.0,3000
M,l3103,668.0,3000
M,l3104,668.0,3000
M,l3105,668.0,3000
M,l3106,670.0,3000
M,l3107,670.0,3000
M,l3108,671.0,3000
M,l3109,673.0,3000
M,l3110,674.0,3000
M,l3111,676.0,3000
M,l3112,676.0,3000
M,l3114,676.0,3000
M,l3116,679.0,3000
M,l3117,679.0,3000
M,l3118,680.0,3000
M,l3119,682.0,3000
M,l3120,682.0,3000
M,l3121,683.0,3000
M,l3122,685.0,3000
M,l3123,688.0,3000
M,l3125,688.0,3000
M,l3126,689.0,3000
M,l3128,692.0,3000
M,l3129,692.0,3000
M,l3130,692.0,3000
M,l3132,695.0,3000
M,l3133,696.0,3000
M,l3134,697.0,3000
M,l3135,699.0,3000
M,l3136,700.0,3000
M,l3137,701.0,3000
M,l3138,701.0,3000
M,l3139,701.0,3000
M,l3140,702.0,3000
M,l3141,706.0,3000
M,l3142,707.0,3000
M,l3143,709.0,3000
M,l3144,711.0,3000
M,l3145,711.0,3000
M,l3146,712.0,3000
M,l3147,713.0,3000
M,l3149,713.0,3000
M,l3150,714.0,3000
M,l3153,721.0,3000
M,l3155,726.0,3000
M,l3156,728.0,3000
M,l3157,728.0,3000
M,l3158,730.0,3000
M,l3159,730.0,3000
M,l3160,732.0,3000
M,l3161,733.0,3000
M,l3162,733.0,3000
M,l3164,735.0,3000
M,l3165,735.0,3000
M,l3166,735.0,3000
M,l3168,738.0,3000
M,l3169,739.0,3000
M,l3170,739.0,3000
M,l3172,741.0,3000
M,l3175,744.0,3000
M,l3177,748.0,3000
M,l3179,751.0,3000
M,l3181,753.0,3000
M,l3183,754.0,3000
M,l3185,756.0,3000
M,l3186,757.0,3000
M,l3187,758.0,3000
M,l3188,760.0,3000
M,l3189,763.0,3000
M,l3190,763.0,3000
M,l3191,764.0,3000
M,l3193,768.0,3000
M,l3196,771.0,3000
M,l3198,773.0,3000
M,l3201,778.0,3000
M,l3202,780.0,3000
M,l3204,783.0,3000
M,l3205,784.0,3000
M,l3206,784.0,3000
M,l3207,784.0,3000
M,l3208,785.0,3000
M,l3209,786.0,3000
M,l3210,787.0,3000
M,l3212,793.0,3000
M,l3214,795.0,3000
M,l3215,795.0,3000
M,l3221,799.0,3000
M,l3222,804.0,3000
M,l3223,804.0,3000
M,l3225,806.0,3000
M,l3226,806.0,3000
M,l3231,810.0,3000
M,l3234,812.0,3000
M,l3235,813.0,3000
M,l3237,816.0,3000
M,l3239,817.0,3000
M,l3240,819.0,3000
M,l3243,821.0,3000
M,l3246,823.0,3000
M,l3250,826.0,3000
M,l3252,828.0,3000
M,l3253,830.0,3000
M,l3255,832.0,3000
M,l3257,838.0,3000
M,l3258,839.0,3000
M,l3261,841.0,3000
M,l3262,842.0,3000
M,l3263,842.0,3000
M,l3264,843.0,3000
M,l3269,844.0,3000
M,l3270,846.0,3000
M,l3271,846.0,3000
M,l3275,850.0,3000
M,l3276,851.0,3000
M,l3277,856.0,3000
M,l3279,862.0,3000
M,l3284,865.0,3000
M,l3289,869.0,3000
M,l3290,869.0,3000
M,l3291,870.0,3000
M,l3292,870.0,3000
M,l3293,871.0,3000
M,l3295,874.0,3000
M,l3297,877.0,3000
M,l3301,881.0,3000
M,l3303,882.0,3000
M,l3306,884.0,3000
M,l3309,885.0,3000
M,l3311,889.0,3000
M,l3313,890.0,3000
M,l3314,892.0,3000
M,l3317,897.0,3000
M,l3318,901.0,3000
M,l3319,902.0,3000
M,l3321,903.0,3000
M,l3325,906.0,3000
M,l3326,906.0,3000
M,l3329,909.0,3000
M,l3330,911.0,3000
M,l3331,912.0,3000
M,l3340,935.0,3000
M,l3344,947.0,3000
M,l3347,952.0,3000
M,l3349,958.0,3000
M,l3350,959.0,3000
M,l3354,972.0,3000
M,l3356,974.0,3000
M,l3359,978.0,3000
M,l3360,982.0,3000
M,l3362,987.0,3000
M,l3363,988.0,3000
M,l3364,989.0,3000
M,l3370,1016.0,3000
M,l3371,1017.0,3000
M,l3372,1026.0,3000
M,l3376,1030.0,3000
M,l3385,1052.0,3000
M,l3391,1060.0,3000
M,l3402,1097.0,3000
M,l3422,1235.0,3000
M,l3426,1299.0,3000
F,l343,622.0,3000
F,l396,663.0,3000
F,l3113,676.0,3000
F,l3115,677.0,3000
F,l3124,688.0,3000
F,l3127,691.0,3000
F,l3131,692.0,3000
F,l3148,713.0,3000
F,l3151,717.0,3000
F,l3152,717.0,3000
F,l3154,725.0,3000
F,l3163,734.0,3000
F,l3167,737.0,3000
F,l3171,740.0,3000
F,l3173,742.0,3000
F,l3174,743.0,3000
F,l3176,744.0,3000
F,l3178,749.0,3000
F,l3180,751.0,3000
F,l3182,754.0,3000
F,l3184,755.0,3000
F,l3192,767.0,3000
F,l3194,768.0,3000
F,l3195,771.0,3000
F,l3197,773.0,3000
F,l3199,774.0,3000
F,l3200,775.0,3000
F,l3203,783.0,3000
F,l3211,790.0,3000
F,l3213,794.0,3000
F,l3216,796.0,3000
F,l3217,796.0,3000
F,l3218,797.0,3000
F,l3219,799.0,3000
F,l3220,799.0,3000
F,l3224,805.0,3000
F,l3227,806.0,3000
F,l3228,807.0,3000
F,l3229,808.0,3000
F,l3230,808.0,3000
F,l3232,810.0,3000
F,l3233,811.0,3000
F,l3236,816.0,3000
F,l3238,816.0,3000
F,l3241,819.0,3000
F,l3242,819.0,3000
F,l3244,822.0,3000
F,l3245,822.0,3000
F,l3247,824.0,3000
F,l3248,825.0,3000
F,l3249,825.0,3000
F,l3251,826.0,3000
F,l3254,832.0,3000
F,l3256,837.0,3000
F,l3259,839.0,3000
F,l3260,841.0,3000
F,l3265,843.0,3000
F,l3266,844.0,3000
F,l3267,844.0,3000
F,l3268,844.0,3000
F,l3272,848.0,3000
F,l3273,848.0,3000
F,l3274,849.0,3000
F,l3278,857.0,3000
F,l3280,863.0,3000
F,l3281,863.0,3000
F,l3282,864.0,3000
F,l3283,864.0,3000
F,l3285,865.0,3000
F,l3286,867.0,3000
F,l3287,867.0,3000
F,l3288,868.0,3000
F,l3294,872.0,3000
F,l3296,877.0,3000
F,l3298,880.0,3000
F,l3299,880.0,3000
F,l3300,881.0,3000
F,l3302,882.0,3000
F,l3304,883.0,3000
F,l3305,884.0,3000
F,l3307,885.0,3000
F,l3308,885.0,3000
F,l3310,888.0,3000
F,l3312,889.0,3000
F,l3315,892.0,3000
F,l3316,895.0,3000
F,l3320,903.0,3000
F,l3322,904.0,3000
F,l3323,905.0,3000
F,l3324,905.0,3000
F,l3327,908.0,3000
F,l3328,909.0,3000
F,l3332,913.0,3000
F,l3333,914.0,3000
F,l3334,915.0,3000
F,l3335,916.0,3000
F,l3336,922.0,3000
F,l3337,926.0,3000
F,l3338,928.0,3000
F,l3339,935.0,3000
F,l3341,936.0,3000
F,l3342,939.0,3000
F,l3343,944.0,3000
F,l3345,948.0,3000
F,l3346,949.0,3000
F,l3348,957.0,3000
F,l3351,961.0,3000
F,l3352,963.0,3000
F,l3353,970.0,3000
F,l3355,973.0,3000
F,l3357,977.0,3000
F,l3358,978.0,3000
F,l3361,986.0,3000
F,l3365,993.0,3000
F,l3366,1004.0,3000
F,l3367,1005.0,3000
F,l3368,1012.0,3000
F,l3369,1015.0,3000
F,l3373,1027.0,3000
F,l3374,1029.0,3000
F,l3375,1030.0,3000
F,l3377,1035.0,3000
F,l3378,1035.0,3000
F,l3379,1035.0,3000
F,l3380,1037.0,3000
F,l3381,1046.0,3000
F,l3382,1047.0,3000
F,l3383,1050.0,3000
F,l3384,1052.0,3000
F,l3386,1054.0,3000
F,l3387,1054.0,3000
F,l3388,1054.0,3000
F,l3389,1055.0,3000
F,l3390,1057.0,3000
F,l3392,1063.0,3000
F,l3393,1069.0,3000
F,l3394,1072.0,3000
F,l3395,1073.0,3000
F,l3396,1073.0,3000
F,l3397,1082.0,3000
F,l3398,1089.0,3000
F,l3399,1092.0,3000
F,l3400,1093.0,3000
F,l3401,1096.0,3000
F,l3403,1099.0,3000
F,l3404,1109.0,3000
F,l3405,1130.0,3000
F,l3406,1140.0,3000
F,l3407,1143.0,3000
F,l3408,1144.0,3000
F,l3409,1151.0,3000
F,l3410,1152.0,3000
F,l3411,1153.0,3000
F,l3412,1165.0,3000
F,l3413,1175.0,3000
F,l3414,1177.0,3000
F,l3415,1184.0,3000
F,l3416,1184.0,3000
F,l3417,1196.0,3000
F,l3418,1197.0,3000
F,l3419,1205.0,3000
F,l3420,1211.0,3000
F,l3421,1219.0,3000
F,l3423,1252.0,3000
F,l3424,1257.0,3000
F,l3425,1296.0,3000
F,l3427,1368.0,3000
F,l3428,1403.0,3000
F,l3429,1432.0,3000
M,gof,780.0,3000
M,gof,720.0,3000
M,gof,1260.0,5000
M,gof,2460.0,10000
M,gof,2400.0,10000
M,gof,2460.0,10000
